<?xml version="1.0" encoding="UTF-8"?>
<kml xmlns="http://www.opengis.net/kml/2.2" xmlns:gx="http://www.google.com/kml/ext/2.2" xmlns:kml="http://www.opengis.net/kml/2.2" xmlns:atom="http://www.w3.org/2005/Atom">
<Document>
	<name>ODC-RKT-FKT.kml</name>
	<Style id="failed0020520202015142">
		<IconStyle>
			<color>ff000000</color>
			<scale>0.7</scale>
			<Icon>
				<href>http://maps.google.com/mapfiles/kml/shapes/shaded_dot.png</href>
			</Icon>
		</IconStyle>
		<LabelStyle>
			<scale>0</scale>
		</LabelStyle>
	</Style>
	<Style id="failed0020520202015153">
		<IconStyle>
			<scale>1.2</scale>
			<Icon>
				<href>http://maps.google.com/mapfiles/kml/paddle/grn-stars.png</href>
			</Icon>
			<hotSpot x="32" y="1" xunits="pixels" yunits="pixels"/>
		</IconStyle>
		<ListStyle>
			<ItemIcon>
				<href>http://maps.google.com/mapfiles/kml/paddle/grn-stars-lv.png</href>
			</ItemIcon>
		</ListStyle>
	</Style>
	<Style id="failed002052020201550">
		<IconStyle>
			<color>ffff0000</color>
			<scale>1.2</scale>
			<Icon>
				<href>http://maps.google.com/mapfiles/kml/paddle/wht-stars.png</href>
			</Icon>
			<hotSpot x="32" y="1" xunits="pixels" yunits="pixels"/>
		</IconStyle>
		<ListStyle>
			<ItemIcon>
				<href>http://maps.google.com/mapfiles/kml/paddle/wht-stars-lv.png</href>
			</ItemIcon>
		</ListStyle>
	</Style>
	<Style id="failed002052020201564">
		<IconStyle>
			<color>ff00aaff</color>
			<scale>1.2</scale>
			<Icon>
				<href>http://maps.google.com/mapfiles/kml/paddle/wht-stars.png</href>
			</Icon>
			<hotSpot x="32" y="1" xunits="pixels" yunits="pixels"/>
		</IconStyle>
		<ListStyle>
			<ItemIcon>
				<href>http://maps.google.com/mapfiles/kml/paddle/wht-stars-lv.png</href>
			</ItemIcon>
		</ListStyle>
	</Style>
	<Style id="failed00205202020159">
		<IconStyle>
			<color>ff0055aa</color>
			<scale>1.2</scale>
			<Icon>
				<href>http://maps.google.com/mapfiles/kml/paddle/wht-stars.png</href>
			</Icon>
			<hotSpot x="32" y="1" xunits="pixels" yunits="pixels"/>
		</IconStyle>
		<ListStyle>
			<ItemIcon>
				<href>http://maps.google.com/mapfiles/kml/paddle/wht-stars-lv.png</href>
			</ItemIcon>
		</ListStyle>
	</Style>
	<Style id="failed315412520">
		<IconStyle>
			<color>ff00aaff</color>
			<scale>1.2</scale>
			<Icon>
				<href>http://maps.google.com/mapfiles/kml/paddle/wht-stars.png</href>
			</Icon>
			<hotSpot x="32" y="1" xunits="pixels" yunits="pixels"/>
		</IconStyle>
		<ListStyle>
			<ItemIcon>
				<href>http://maps.google.com/mapfiles/kml/paddle/wht-stars-lv.png</href>
			</ItemIcon>
		</ListStyle>
	</Style>
	<Style id="failed3154125443">
		<IconStyle>
			<scale>1.2</scale>
			<Icon>
				<href>http://maps.google.com/mapfiles/kml/paddle/grn-stars.png</href>
			</Icon>
			<hotSpot x="32" y="1" xunits="pixels" yunits="pixels"/>
		</IconStyle>
		<ListStyle>
			<ItemIcon>
				<href>http://maps.google.com/mapfiles/kml/paddle/grn-stars-lv.png</href>
			</ItemIcon>
		</ListStyle>
	</Style>
	<Style id="failed315412550">
		<IconStyle>
			<color>ff000000</color>
			<scale>0.7</scale>
			<Icon>
				<href>http://maps.google.com/mapfiles/kml/shapes/shaded_dot.png</href>
			</Icon>
		</IconStyle>
		<LabelStyle>
			<scale>0</scale>
		</LabelStyle>
	</Style>
	<Style id="failed315412553">
		<IconStyle>
			<color>ffff0000</color>
			<scale>1.2</scale>
			<Icon>
				<href>http://maps.google.com/mapfiles/kml/paddle/wht-stars.png</href>
			</Icon>
			<hotSpot x="32" y="1" xunits="pixels" yunits="pixels"/>
		</IconStyle>
		<ListStyle>
			<ItemIcon>
				<href>http://maps.google.com/mapfiles/kml/paddle/wht-stars-lv.png</href>
			</ItemIcon>
		</ListStyle>
	</Style>
	<Style id="failed3154125590">
		<IconStyle>
			<color>ff0055aa</color>
			<scale>1.2</scale>
			<Icon>
				<href>http://maps.google.com/mapfiles/kml/paddle/wht-stars.png</href>
			</Icon>
			<hotSpot x="32" y="1" xunits="pixels" yunits="pixels"/>
		</IconStyle>
		<ListStyle>
			<ItemIcon>
				<href>http://maps.google.com/mapfiles/kml/paddle/wht-stars-lv.png</href>
			</ItemIcon>
		</ListStyle>
	</Style>
	<Style id="h_kabel_D04">
		<LineStyle>
			<color>ffff0000</color>
			<width>5</width>
		</LineStyle>
	</Style>
	<Style id="h_kabel_D040">
		<LineStyle>
			<color>ffff0000</color>
			<width>5</width>
		</LineStyle>
	</Style>
	<Style id="h_kabel_D041">
		<LineStyle>
			<color>ffff0000</color>
			<width>5</width>
		</LineStyle>
	</Style>
	<Style id="h_kabel_D0410">
		<LineStyle>
			<color>ffff0000</color>
			<width>5</width>
		</LineStyle>
	</Style>
	<Style id="h_kabel_D0411">
		<LineStyle>
			<color>ffff0000</color>
			<width>5</width>
		</LineStyle>
	</Style>
	<Style id="h_kabel_D0412">
		<LineStyle>
			<color>ff00ff00</color>
			<width>5</width>
		</LineStyle>
	</Style>
	<Style id="h_kabel_D0413">
		<LineStyle>
			<color>ffff0000</color>
			<width>5</width>
		</LineStyle>
	</Style>
	<Style id="h_kabel_D0414">
		<LineStyle>
			<color>ff0055aa</color>
			<width>5</width>
		</LineStyle>
	</Style>
	<Style id="h_kabel_D0415">
		<LineStyle>
			<color>ffff0000</color>
			<width>5</width>
		</LineStyle>
	</Style>
	<Style id="h_kabel_D0416">
		<LineStyle>
			<color>ffff0000</color>
			<width>5</width>
		</LineStyle>
	</Style>
	<Style id="h_kabel_D0417">
		<LineStyle>
			<color>ffff0000</color>
			<width>5</width>
		</LineStyle>
	</Style>
	<Style id="h_kabel_D042">
		<LineStyle>
			<color>ffff0000</color>
			<width>5</width>
		</LineStyle>
	</Style>
	<Style id="h_kabel_D043">
		<LineStyle>
			<color>ffff0000</color>
			<width>5</width>
		</LineStyle>
	</Style>
	<Style id="h_kabel_D044">
		<LineStyle>
			<color>ffff0000</color>
			<width>5</width>
		</LineStyle>
	</Style>
	<Style id="h_kabel_D045">
		<LineStyle>
			<color>ffff0000</color>
			<width>5</width>
		</LineStyle>
	</Style>
	<Style id="h_kabel_D046">
		<LineStyle>
			<color>ff00ff00</color>
			<width>5</width>
		</LineStyle>
	</Style>
	<Style id="h_kabel_D047">
		<LineStyle>
			<color>ff00aaff</color>
			<width>5</width>
		</LineStyle>
	</Style>
	<Style id="h_kabel_D048">
		<LineStyle>
			<color>ff00ff00</color>
			<width>5</width>
		</LineStyle>
	</Style>
	<Style id="h_kabel_D049">
		<LineStyle>
			<color>ffff0000</color>
			<width>5</width>
		</LineStyle>
	</Style>
	<StyleMap id="m_kabel_41">
		<Pair>
			<key>normal</key>
			<styleUrl>#s_kabel_D04115</styleUrl>
		</Pair>
		<Pair>
			<key>highlight</key>
			<styleUrl>#h_kabel_D04</styleUrl>
		</Pair>
	</StyleMap>
	<StyleMap id="m_kabel_410">
		<Pair>
			<key>normal</key>
			<styleUrl>#s_kabel_D0414</styleUrl>
		</Pair>
		<Pair>
			<key>highlight</key>
			<styleUrl>#h_kabel_D0416</styleUrl>
		</Pair>
	</StyleMap>
	<StyleMap id="m_kabel_411">
		<Pair>
			<key>normal</key>
			<styleUrl>#s_kabel_D0411</styleUrl>
		</Pair>
		<Pair>
			<key>highlight</key>
			<styleUrl>#h_kabel_D043</styleUrl>
		</Pair>
	</StyleMap>
	<StyleMap id="m_kabel_4110">
		<Pair>
			<key>normal</key>
			<styleUrl>#s_kabel_D0417</styleUrl>
		</Pair>
		<Pair>
			<key>highlight</key>
			<styleUrl>#h_kabel_D0413</styleUrl>
		</Pair>
	</StyleMap>
	<StyleMap id="m_kabel_4111">
		<Pair>
			<key>normal</key>
			<styleUrl>#s_kabel_D04117</styleUrl>
		</Pair>
		<Pair>
			<key>highlight</key>
			<styleUrl>#h_kabel_D045</styleUrl>
		</Pair>
	</StyleMap>
	<StyleMap id="m_kabel_4112">
		<Pair>
			<key>normal</key>
			<styleUrl>#s_kabel_D0413</styleUrl>
		</Pair>
		<Pair>
			<key>highlight</key>
			<styleUrl>#h_kabel_D0414</styleUrl>
		</Pair>
	</StyleMap>
	<StyleMap id="m_kabel_4113">
		<Pair>
			<key>normal</key>
			<styleUrl>#s_kabel_D0416</styleUrl>
		</Pair>
		<Pair>
			<key>highlight</key>
			<styleUrl>#h_kabel_D0411</styleUrl>
		</Pair>
	</StyleMap>
	<StyleMap id="m_kabel_4114">
		<Pair>
			<key>normal</key>
			<styleUrl>#s_kabel_D0419</styleUrl>
		</Pair>
		<Pair>
			<key>highlight</key>
			<styleUrl>#h_kabel_D042</styleUrl>
		</Pair>
	</StyleMap>
	<StyleMap id="m_kabel_4115">
		<Pair>
			<key>normal</key>
			<styleUrl>#s_kabel_D041</styleUrl>
		</Pair>
		<Pair>
			<key>highlight</key>
			<styleUrl>#h_kabel_D0417</styleUrl>
		</Pair>
	</StyleMap>
	<StyleMap id="m_kabel_4116">
		<Pair>
			<key>normal</key>
			<styleUrl>#s_kabel_D04110</styleUrl>
		</Pair>
		<Pair>
			<key>highlight</key>
			<styleUrl>#h_kabel_D0410</styleUrl>
		</Pair>
	</StyleMap>
	<StyleMap id="m_kabel_4117">
		<Pair>
			<key>normal</key>
			<styleUrl>#s_kabel_D0415</styleUrl>
		</Pair>
		<Pair>
			<key>highlight</key>
			<styleUrl>#h_kabel_D049</styleUrl>
		</Pair>
	</StyleMap>
	<StyleMap id="m_kabel_412">
		<Pair>
			<key>normal</key>
			<styleUrl>#s_kabel_D04113</styleUrl>
		</Pair>
		<Pair>
			<key>highlight</key>
			<styleUrl>#h_kabel_D044</styleUrl>
		</Pair>
	</StyleMap>
	<StyleMap id="m_kabel_413">
		<Pair>
			<key>normal</key>
			<styleUrl>#s_kabel_D04116</styleUrl>
		</Pair>
		<Pair>
			<key>highlight</key>
			<styleUrl>#h_kabel_D040</styleUrl>
		</Pair>
	</StyleMap>
	<StyleMap id="m_kabel_414">
		<Pair>
			<key>normal</key>
			<styleUrl>#s_kabel_D04111</styleUrl>
		</Pair>
		<Pair>
			<key>highlight</key>
			<styleUrl>#h_kabel_D046</styleUrl>
		</Pair>
	</StyleMap>
	<StyleMap id="m_kabel_415">
		<Pair>
			<key>normal</key>
			<styleUrl>#s_kabel_D04112</styleUrl>
		</Pair>
		<Pair>
			<key>highlight</key>
			<styleUrl>#h_kabel_D0415</styleUrl>
		</Pair>
	</StyleMap>
	<StyleMap id="m_kabel_416">
		<Pair>
			<key>normal</key>
			<styleUrl>#s_kabel_D0412</styleUrl>
		</Pair>
		<Pair>
			<key>highlight</key>
			<styleUrl>#h_kabel_D041</styleUrl>
		</Pair>
	</StyleMap>
	<StyleMap id="m_kabel_417">
		<Pair>
			<key>normal</key>
			<styleUrl>#s_kabel_D0418</styleUrl>
		</Pair>
		<Pair>
			<key>highlight</key>
			<styleUrl>#h_kabel_D047</styleUrl>
		</Pair>
	</StyleMap>
	<StyleMap id="m_kabel_418">
		<Pair>
			<key>normal</key>
			<styleUrl>#s_kabel_D0410</styleUrl>
		</Pair>
		<Pair>
			<key>highlight</key>
			<styleUrl>#h_kabel_D0412</styleUrl>
		</Pair>
	</StyleMap>
	<StyleMap id="m_kabel_419">
		<Pair>
			<key>normal</key>
			<styleUrl>#s_kabel_D04114</styleUrl>
		</Pair>
		<Pair>
			<key>highlight</key>
			<styleUrl>#h_kabel_D048</styleUrl>
		</Pair>
	</StyleMap>
	<StyleMap id="msn_square0">
		<Pair>
			<key>normal</key>
			<styleUrl>#sn_square1</styleUrl>
		</Pair>
		<Pair>
			<key>highlight</key>
			<styleUrl>#sh_square</styleUrl>
		</Pair>
	</StyleMap>
	<StyleMap id="msn_triangle">
		<Pair>
			<key>normal</key>
			<styleUrl>#sn_triangle</styleUrl>
		</Pair>
		<Pair>
			<key>highlight</key>
			<styleUrl>#sh_triangle</styleUrl>
		</Pair>
	</StyleMap>
	<StyleMap id="msn_ylw-pushpin00">
		<Pair>
			<key>normal</key>
			<styleUrl>#sn_ylw-pushpin1</styleUrl>
		</Pair>
		<Pair>
			<key>highlight</key>
			<styleUrl>#sh_ylw-pushpin1</styleUrl>
		</Pair>
	</StyleMap>
	<StyleMap id="msn_ylw-pushpin1">
		<Pair>
			<key>normal</key>
			<styleUrl>#sn_ylw-pushpin4</styleUrl>
		</Pair>
		<Pair>
			<key>highlight</key>
			<styleUrl>#sh_ylw-pushpin</styleUrl>
		</Pair>
	</StyleMap>
	<StyleMap id="msn_ylw-stars10">
		<Pair>
			<key>normal</key>
			<styleUrl>#sn_ylw-stars1</styleUrl>
		</Pair>
		<Pair>
			<key>highlight</key>
			<styleUrl>#sh_ylw-stars</styleUrl>
		</Pair>
	</StyleMap>
	<StyleMap id="myicon_121310020100119114">
		<Pair>
			<key>normal</key>
			<styleUrl>#failed315412520</styleUrl>
		</Pair>
		<Pair>
			<key>highlight</key>
			<styleUrl>#failed002052020201564</styleUrl>
		</Pair>
	</StyleMap>
	<StyleMap id="myicon_121310020100119126">
		<Pair>
			<key>normal</key>
			<styleUrl>#failed3154125590</styleUrl>
		</Pair>
		<Pair>
			<key>highlight</key>
			<styleUrl>#failed00205202020159</styleUrl>
		</Pair>
	</StyleMap>
	<StyleMap id="myicon_121310020100119171">
		<Pair>
			<key>normal</key>
			<styleUrl>#failed3154125443</styleUrl>
		</Pair>
		<Pair>
			<key>highlight</key>
			<styleUrl>#failed0020520202015153</styleUrl>
		</Pair>
	</StyleMap>
	<StyleMap id="myicon_12131002010011956">
		<Pair>
			<key>normal</key>
			<styleUrl>#failed315412550</styleUrl>
		</Pair>
		<Pair>
			<key>highlight</key>
			<styleUrl>#failed0020520202015142</styleUrl>
		</Pair>
	</StyleMap>
	<StyleMap id="myicon_12131002010011980">
		<Pair>
			<key>normal</key>
			<styleUrl>#failed315412553</styleUrl>
		</Pair>
		<Pair>
			<key>highlight</key>
			<styleUrl>#failed002052020201550</styleUrl>
		</Pair>
	</StyleMap>
	<Style id="s_kabel_D041">
		<LineStyle>
			<color>ffff0000</color>
			<width>5</width>
		</LineStyle>
	</Style>
	<Style id="s_kabel_D0410">
		<LineStyle>
			<color>ff00ff00</color>
			<width>5</width>
		</LineStyle>
	</Style>
	<Style id="s_kabel_D0411">
		<LineStyle>
			<color>ffff0000</color>
			<width>5</width>
		</LineStyle>
	</Style>
	<Style id="s_kabel_D04110">
		<LineStyle>
			<color>ffff0000</color>
			<width>5</width>
		</LineStyle>
	</Style>
	<Style id="s_kabel_D04111">
		<LineStyle>
			<color>ff00ff00</color>
			<width>5</width>
		</LineStyle>
	</Style>
	<Style id="s_kabel_D04112">
		<LineStyle>
			<color>ffff0000</color>
			<width>5</width>
		</LineStyle>
	</Style>
	<Style id="s_kabel_D04113">
		<LineStyle>
			<color>ffff0000</color>
			<width>5</width>
		</LineStyle>
	</Style>
	<Style id="s_kabel_D04114">
		<LineStyle>
			<color>ff00ff00</color>
			<width>5</width>
		</LineStyle>
	</Style>
	<Style id="s_kabel_D04115">
		<LineStyle>
			<color>ffff0000</color>
			<width>5</width>
		</LineStyle>
	</Style>
	<Style id="s_kabel_D04116">
		<LineStyle>
			<color>ffff0000</color>
			<width>5</width>
		</LineStyle>
	</Style>
	<Style id="s_kabel_D04117">
		<LineStyle>
			<color>ffff0000</color>
			<width>5</width>
		</LineStyle>
	</Style>
	<Style id="s_kabel_D0412">
		<LineStyle>
			<color>ffff0000</color>
			<width>5</width>
		</LineStyle>
	</Style>
	<Style id="s_kabel_D0413">
		<LineStyle>
			<color>ff0055aa</color>
			<width>5</width>
		</LineStyle>
	</Style>
	<Style id="s_kabel_D0414">
		<LineStyle>
			<color>ffff0000</color>
			<width>5</width>
		</LineStyle>
	</Style>
	<Style id="s_kabel_D0415">
		<LineStyle>
			<color>ffff0000</color>
			<width>5</width>
		</LineStyle>
	</Style>
	<Style id="s_kabel_D0416">
		<LineStyle>
			<color>ffff0000</color>
			<width>5</width>
		</LineStyle>
	</Style>
	<Style id="s_kabel_D0417">
		<LineStyle>
			<color>ffff0000</color>
			<width>5</width>
		</LineStyle>
	</Style>
	<Style id="s_kabel_D0418">
		<LineStyle>
			<color>ff00aaff</color>
			<width>5</width>
		</LineStyle>
	</Style>
	<Style id="s_kabel_D0419">
		<LineStyle>
			<color>ffff0000</color>
			<width>5</width>
		</LineStyle>
	</Style>
	<Style id="sh_square">
		<IconStyle>
			<scale>0.816667</scale>
			<Icon>
				<href>http://maps.google.com/mapfiles/kml/shapes/square.png</href>
			</Icon>
		</IconStyle>
		<LabelStyle>
			<scale>0.7</scale>
		</LabelStyle>
	</Style>
	<Style id="sh_triangle">
		<IconStyle>
			<color>ff0000ff</color>
			<scale>1.75</scale>
			<Icon>
				<href>http://maps.google.com/mapfiles/kml/shapes/triangle.png</href>
			</Icon>
		</IconStyle>
		<LabelStyle>
			<color>ff00ffff</color>
		</LabelStyle>
	</Style>
	<Style id="sh_ylw-pushpin">
		<IconStyle>
			<scale>1.3</scale>
			<Icon>
				<href>http://maps.google.com/mapfiles/kml/pushpin/ylw-pushpin.png</href>
			</Icon>
			<hotSpot x="20" y="2" xunits="pixels" yunits="pixels"/>
		</IconStyle>
		<LineStyle>
			<color>ff00ffff</color>
			<width>6</width>
		</LineStyle>
	</Style>
	<Style id="sh_ylw-pushpin1">
		<IconStyle>
			<scale>1.3</scale>
			<Icon>
				<href>http://maps.google.com/mapfiles/kml/pushpin/ylw-pushpin.png</href>
			</Icon>
			<hotSpot x="20" y="2" xunits="pixels" yunits="pixels"/>
		</IconStyle>
		<LineStyle>
			<color>ff7faaaa</color>
			<width>3</width>
		</LineStyle>
	</Style>
	<Style id="sh_ylw-stars">
		<IconStyle>
			<color>ff7faaaa</color>
			<scale>1.3</scale>
			<Icon>
				<href>http://maps.google.com/mapfiles/kml/paddle/wht-stars.png</href>
			</Icon>
			<hotSpot x="32" y="1" xunits="pixels" yunits="pixels"/>
		</IconStyle>
		<ListStyle>
			<ItemIcon>
				<href>http://maps.google.com/mapfiles/kml/paddle/wht-stars-lv.png</href>
			</ItemIcon>
		</ListStyle>
	</Style>
	<Style id="sn_square1">
		<IconStyle>
			<scale>0.7</scale>
			<Icon>
				<href>http://maps.google.com/mapfiles/kml/shapes/square.png</href>
			</Icon>
		</IconStyle>
		<LabelStyle>
			<scale>0.7</scale>
		</LabelStyle>
	</Style>
	<Style id="sn_triangle">
		<IconStyle>
			<color>ff0000ff</color>
			<scale>1.5</scale>
			<Icon>
				<href>http://maps.google.com/mapfiles/kml/shapes/triangle.png</href>
			</Icon>
		</IconStyle>
		<LabelStyle>
			<color>ff00ffff</color>
		</LabelStyle>
	</Style>
	<Style id="sn_ylw-pushpin1">
		<IconStyle>
			<scale>1.1</scale>
			<Icon>
				<href>http://maps.google.com/mapfiles/kml/pushpin/ylw-pushpin.png</href>
			</Icon>
			<hotSpot x="20" y="2" xunits="pixels" yunits="pixels"/>
		</IconStyle>
		<LineStyle>
			<color>ff7faaaa</color>
			<width>3</width>
		</LineStyle>
	</Style>
	<Style id="sn_ylw-pushpin4">
		<IconStyle>
			<scale>1.1</scale>
			<Icon>
				<href>http://maps.google.com/mapfiles/kml/pushpin/ylw-pushpin.png</href>
			</Icon>
			<hotSpot x="20" y="2" xunits="pixels" yunits="pixels"/>
		</IconStyle>
		<LineStyle>
			<color>ff00ffff</color>
			<width>6</width>
		</LineStyle>
	</Style>
	<Style id="sn_ylw-stars1">
		<IconStyle>
			<color>ff7faaaa</color>
			<scale>1.1</scale>
			<Icon>
				<href>http://maps.google.com/mapfiles/kml/paddle/wht-stars.png</href>
			</Icon>
			<hotSpot x="32" y="1" xunits="pixels" yunits="pixels"/>
		</IconStyle>
		<ListStyle>
			<ItemIcon>
				<href>http://maps.google.com/mapfiles/kml/paddle/wht-stars-lv.png</href>
			</ItemIcon>
		</ListStyle>
	</Style>
	<Folder>
		<name>ODC-RKT-FKT</name>
		<visibility>0</visibility>
		<Placemark>
			<name>ODC-RKT-FKT</name>
			<visibility>0</visibility>
			<description>ODC-C 288
FE-RKT-53-01-03
 -7.316191° 
112.757908°</description>
			<LookAt>
				<longitude>112.758147298937</longitude>
				<latitude>-7.316386189097915</latitude>
				<altitude>0</altitude>
				<heading>-0.0002875241815542244</heading>
				<tilt>24.24034606440293</tilt>
				<range>124.4622308796549</range>
				<gx:altitudeMode>relativeToSeaFloor</gx:altitudeMode>
			</LookAt>
			<styleUrl>#msn_triangle</styleUrl>
			<Point>
				<gx:drawOrder>1</gx:drawOrder>
				<coordinates>112.757908,-7.316191000000001,0</coordinates>
			</Point>
		</Placemark>
		<Folder>
			<name>ODP</name>
			<visibility>0</visibility>
			<Folder>
				<name>D.01</name>
				<visibility>0</visibility>
				<Placemark>
					<name>ODP-RKT-FKT/01</name>
					<visibility>0</visibility>
					<description>ODP-RKT-FKT/01
FKT/D01/01.01
ODP-PB-8
OS-SM 1=1
PS 1x 1:8 (1)</description>
					<Camera>
						<gx:TimeStamp><when>2015-04-11T08:07:03Z</when>
</gx:TimeStamp>
						<longitude>112.7530036524059</longitude>
						<latitude>-7.315873307942594</latitude>
						<altitude>253.2076148310691</altitude>
						<heading>121.0102321269844</heading>
						<tilt>34.03380266176397</tilt>
						<roll>-0.8336987897905503</roll>
						<gx:altitudeMode>relativeToSeaFloor</gx:altitudeMode>
					</Camera>
					<styleUrl>#myicon_12131002010011980</styleUrl>
					<Point>
						<gx:drawOrder>1</gx:drawOrder>
						<coordinates>112.753233,-7.317367311101589,0</coordinates>
					</Point>
				</Placemark>
				<Placemark>
					<name>ODP-RKT-FKT/02</name>
					<visibility>0</visibility>
					<description>ODP-RKT-FKT/02
FKT/D01/02.01
ODP-PB-8
OS-SM 1=1
PS 1x 1:8 (2)</description>
					<LookAt>
						<gx:TimeStamp><when>2015-04-11T08:07:03Z</when>
</gx:TimeStamp>
						<longitude>112.7557545708634</longitude>
						<latitude>-7.315248716500491</latitude>
						<altitude>0</altitude>
						<heading>144.4130980147448</heading>
						<tilt>42.41580620748599</tilt>
						<range>148.6924455720959</range>
						<gx:altitudeMode>relativeToSeaFloor</gx:altitudeMode>
					</LookAt>
					<styleUrl>#myicon_12131002010011980</styleUrl>
					<Point>
						<gx:drawOrder>1</gx:drawOrder>
						<coordinates>112.755646,-7.315157544183119,0</coordinates>
					</Point>
				</Placemark>
				<Placemark>
					<name>ODP-RKT-FKT/03</name>
					<visibility>0</visibility>
					<description>ODP-RKT-FKT/03
FKT/D01/03.01
ODP-PB-8
OS-SM 1=1
PS 1x 1:8 (3)</description>
					<Camera>
						<gx:TimeStamp><when>2015-04-11T08:07:03Z</when>
</gx:TimeStamp>
						<longitude>112.7542224004853</longitude>
						<latitude>-7.315046060199812</latitude>
						<altitude>195.2899708531898</altitude>
						<heading>121.010076826318</heading>
						<tilt>34.03380261412964</tilt>
						<roll>-0.833396231726551</roll>
						<gx:altitudeMode>relativeToSeaFloor</gx:altitudeMode>
					</Camera>
					<styleUrl>#myicon_12131002010011980</styleUrl>
					<Point>
						<gx:drawOrder>1</gx:drawOrder>
						<coordinates>112.755019,-7.315813089274259,0</coordinates>
					</Point>
				</Placemark>
				<Placemark>
					<name>ODP-RKT-FKT/04</name>
					<visibility>0</visibility>
					<description>ODP-RKT-FKT/04
FKT/D01/04.01
ODP-PB-8
OS-SM 1=1
PS 1x 1:8 (1)</description>
					<Camera>
						<gx:TimeStamp><when>2015-04-11T08:07:03Z</when>
</gx:TimeStamp>
						<longitude>112.7532387645375</longitude>
						<latitude>-7.315769865223621</latitude>
						<altitude>253.2076148310691</altitude>
						<heading>121.0102021850354</heading>
						<tilt>34.03380266176394</tilt>
						<roll>-0.833698789790547</roll>
						<gx:altitudeMode>relativeToSeaFloor</gx:altitudeMode>
					</Camera>
					<styleUrl>#myicon_12131002010011980</styleUrl>
					<Point>
						<gx:drawOrder>1</gx:drawOrder>
						<coordinates>112.754462,-7.316290075993257,0</coordinates>
					</Point>
				</Placemark>
				<Placemark>
					<name>ODP-RKT-FKT/05</name>
					<visibility>0</visibility>
					<description>ODP-RKT-FKT/05
FKT/D01/05.01
ODP-PB-8
OS-SM 1=1
PS 1x 1:8 (5)</description>
					<Camera>
						<gx:TimeStamp><when>2015-04-11T08:07:03Z</when>
</gx:TimeStamp>
						<longitude>112.7535094406658</longitude>
						<latitude>-7.316314914083005</latitude>
						<altitude>218.3478182974774</altitude>
						<heading>121.0092951599597</heading>
						<tilt>34.00027126596925</tilt>
						<roll>-0.8344372377099033</roll>
						<gx:altitudeMode>relativeToSeaFloor</gx:altitudeMode>
					</Camera>
					<styleUrl>#myicon_12131002010011980</styleUrl>
					<Point>
						<gx:drawOrder>1</gx:drawOrder>
						<coordinates>112.754593,-7.316714113965866,0</coordinates>
					</Point>
				</Placemark>
				<Placemark>
					<name>ODP-RKT-FKT/06</name>
					<visibility>0</visibility>
					<description>ODP-RKT-FKT/06
FKT/D01/06.01
ODP-PB-8
OS-SM 1=1
PS 1x 1:8 (6)</description>
					<Camera>
						<gx:TimeStamp><when>2015-04-11T08:07:03Z</when>
</gx:TimeStamp>
						<longitude>112.7527806711275</longitude>
						<latitude>-7.317177154116894</latitude>
						<altitude>218.3478182988936</altitude>
						<heading>121.0093879898125</heading>
						<tilt>34.00027126596925</tilt>
						<roll>-0.834437237709878</roll>
						<gx:altitudeMode>relativeToSeaFloor</gx:altitudeMode>
					</Camera>
					<styleUrl>#myicon_12131002010011980</styleUrl>
					<Point>
						<gx:drawOrder>1</gx:drawOrder>
						<coordinates>112.753971,-7.31749379487014,0</coordinates>
					</Point>
				</Placemark>
				<Placemark>
					<name>ODP-RKT-FKT/07</name>
					<visibility>0</visibility>
					<description>ODP-RKT-FKT/07
FKT/D01/07.01
ODP-PB-8
OS-SM 1=1
PS 1x 1:8 (1)</description>
					<LookAt>
						<longitude>112.7536064131805</longitude>
						<latitude>-7.318540209993203</latitude>
						<altitude>0</altitude>
						<heading>-136.8866444278816</heading>
						<tilt>39.67147162732857</tilt>
						<range>262.2292166974975</range>
						<gx:altitudeMode>relativeToSeaFloor</gx:altitudeMode>
					</LookAt>
					<styleUrl>#myicon_12131002010011980</styleUrl>
					<Point>
						<gx:drawOrder>1</gx:drawOrder>
						<coordinates>112.753503,-7.318047160502246,0</coordinates>
					</Point>
				</Placemark>
				<Placemark>
					<name>ODP-RKT-FKT/08</name>
					<visibility>0</visibility>
					<description>ODP-RKT-FKT/08
FKT/D01/08.01
ODP-PB-8
OS-SM 1=1
PS 1x 1:8 (8)</description>
					<LookAt>
						<longitude>112.752112427754</longitude>
						<latitude>-7.317563720539146</latitude>
						<altitude>0</altitude>
						<heading>0.0002204534944794206</heading>
						<tilt>0</tilt>
						<range>307.9975024246058</range>
						<gx:altitudeMode>relativeToSeaFloor</gx:altitudeMode>
					</LookAt>
					<styleUrl>#myicon_12131002010011980</styleUrl>
					<Point>
						<gx:drawOrder>1</gx:drawOrder>
						<coordinates>112.752233,-7.317942620729364,0</coordinates>
					</Point>
				</Placemark>
				<Placemark>
					<name>ODP-RKT-FKT/09</name>
					<visibility>0</visibility>
					<description>ODP-RKT-FKT/09
FKT/D01/09.01
ODP-PB-8
OS-SM 1=1
PS 1x 1:8 (9)</description>
					<LookAt>
						<longitude>112.7521384353299</longitude>
						<latitude>-7.317161851318136</latitude>
						<altitude>0</altitude>
						<heading>0.0002171401672529272</heading>
						<tilt>0</tilt>
						<range>442.7921036048974</range>
						<gx:altitudeMode>relativeToSeaFloor</gx:altitudeMode>
					</LookAt>
					<styleUrl>#myicon_12131002010011980</styleUrl>
					<Point>
						<gx:drawOrder>1</gx:drawOrder>
						<coordinates>112.752107,-7.317409453195956,0</coordinates>
					</Point>
				</Placemark>
				<Placemark>
					<name>ODP-RKT-FKT/10</name>
					<visibility>0</visibility>
					<description>ODP-RKT-FKT/10
FKT/D01/10.01
ODP-PB-8
OS-SM 1=1
PS 1x 1:8 (10)</description>
					<LookAt>
						<longitude>112.7535474998347</longitude>
						<latitude>-7.316018398363643</latitude>
						<altitude>0</altitude>
						<heading>115.48386100273</heading>
						<tilt>45.78650168107366</tilt>
						<range>178.5274494941152</range>
						<gx:altitudeMode>relativeToSeaFloor</gx:altitudeMode>
					</LookAt>
					<styleUrl>#myicon_12131002010011980</styleUrl>
					<Point>
						<gx:drawOrder>1</gx:drawOrder>
						<coordinates>112.753522,-7.316245909699877,0</coordinates>
					</Point>
				</Placemark>
				<Placemark>
					<name>ODP-RKT-FKT/11</name>
					<visibility>0</visibility>
					<description>ODP-RKT-FKT/11
FKT/D01/11.01
ODP-PB-8
OS-SM 1=1
PS 1x 1:8 (11)</description>
					<LookAt>
						<gx:TimeStamp><when>2015-04-11T08:07:03Z</when>
</gx:TimeStamp>
						<longitude>112.7544443189346</longitude>
						<latitude>-7.315875118133855</latitude>
						<altitude>0</altitude>
						<heading>0.0001070215215032678</heading>
						<tilt>18.04443479630981</tilt>
						<range>386.5426556035436</range>
						<gx:altitudeMode>relativeToSeaFloor</gx:altitudeMode>
					</LookAt>
					<styleUrl>#myicon_12131002010011980</styleUrl>
					<Point>
						<gx:drawOrder>1</gx:drawOrder>
						<coordinates>112.75391,-7.31585694511062,0</coordinates>
					</Point>
				</Placemark>
				<Placemark>
					<name>ODP-RKT-FKT/12</name>
					<visibility>0</visibility>
					<description>ODP-RKT-FKT/12
FKT/D01/12.01
ODP-PB-8
OS-SM 1=1
PS 1x 1:8 (12)</description>
					<LookAt>
						<longitude>112.753457089896</longitude>
						<latitude>-7.314764070457393</latitude>
						<altitude>0</altitude>
						<heading>-0.0001735169848932092</heading>
						<tilt>0.0798194658340784</tilt>
						<range>545.5540762295534</range>
						<gx:altitudeMode>relativeToSeaFloor</gx:altitudeMode>
					</LookAt>
					<styleUrl>#myicon_12131002010011980</styleUrl>
					<Point>
						<gx:drawOrder>1</gx:drawOrder>
						<coordinates>112.755136,-7.314748809169966,0</coordinates>
					</Point>
				</Placemark>
				<Placemark>
					<name>ODP-RKT-FKT/13</name>
					<visibility>0</visibility>
					<description>ODP-RKT-FKT/13
FKT/D01/13.01
ODP-PB-8
OS-SM 1=1
PS 1x 1:8 (13)</description>
					<LookAt>
						<gx:TimeStamp><when>2015-04-11T08:07:03Z</when>
</gx:TimeStamp>
						<longitude>112.7562325334897</longitude>
						<latitude>-7.315177105562921</latitude>
						<altitude>0</altitude>
						<heading>-167.0075682755009</heading>
						<tilt>46.07448521733152</tilt>
						<range>100.8406999671195</range>
						<gx:altitudeMode>relativeToSeaFloor</gx:altitudeMode>
					</LookAt>
					<styleUrl>#myicon_12131002010011980</styleUrl>
					<Point>
						<gx:drawOrder>1</gx:drawOrder>
						<coordinates>112.756221,-7.315219525982,0</coordinates>
					</Point>
				</Placemark>
				<Placemark>
					<name>ODP-RKT-FKT/14</name>
					<visibility>0</visibility>
					<description>ODP-RKT-FKT/14
FKT/D01/14.01
ODP-PB-8
OS-SM 1=1
PS 1x 1:8 (14)</description>
					<LookAt>
						<longitude>112.757030947493</longitude>
						<latitude>-7.315793837599671</latitude>
						<altitude>0</altitude>
						<heading>-135.8142454686588</heading>
						<tilt>44.29088659532994</tilt>
						<range>109.5069416479632</range>
						<gx:altitudeMode>relativeToSeaFloor</gx:altitudeMode>
					</LookAt>
					<styleUrl>#myicon_12131002010011980</styleUrl>
					<Point>
						<gx:drawOrder>1</gx:drawOrder>
						<coordinates>112.757084,-7.315727357850013,0</coordinates>
					</Point>
				</Placemark>
			</Folder>
			<Folder>
				<name>D.02</name>
				<visibility>0</visibility>
				<Placemark>
					<name>ODP-RKT-FKT/15</name>
					<visibility>0</visibility>
					<description>ODP-RKT-FKT/15
FKT/D02/15.01
ODP-PB-8
OS-SM 1=1
PS 1x 1:8 (1)</description>
					<Camera>
						<gx:TimeStamp><when>2015-04-11T08:07:03Z</when>
</gx:TimeStamp>
						<longitude>112.7568182693035</longitude>
						<latitude>-7.316459029098185</latitude>
						<altitude>332.4699635462189</altitude>
						<heading>21.79320074779679</heading>
						<tilt>1.19963116747825</tilt>
						<roll>-91.26336098453537</roll>
						<gx:altitudeMode>relativeToSeaFloor</gx:altitudeMode>
					</Camera>
					<styleUrl>#myicon_121310020100119114</styleUrl>
					<Point>
						<gx:drawOrder>1</gx:drawOrder>
						<coordinates>112.7574,-7.316478656631288,0</coordinates>
					</Point>
				</Placemark>
				<Placemark>
					<name>ODP-RKT-FKT/16</name>
					<visibility>0</visibility>
					<description>ODP-RKT-FKT/16
FKT/D02/16.01
ODP-PB-8
OS-SM 1=1
PS 1x 1:8 (2)</description>
					<LookAt>
						<longitude>112.7552162041546</longitude>
						<latitude>-7.316383304523767</latitude>
						<altitude>0</altitude>
						<heading>0.0001243007148353355</heading>
						<tilt>0</tilt>
						<range>603.9225052991052</range>
						<gx:altitudeMode>relativeToSeaFloor</gx:altitudeMode>
					</LookAt>
					<styleUrl>#myicon_121310020100119114</styleUrl>
					<Point>
						<gx:drawOrder>1</gx:drawOrder>
						<coordinates>112.755684,-7.316417075642361,0</coordinates>
					</Point>
				</Placemark>
				<Placemark>
					<name>ODP-RKT-FKT/17</name>
					<visibility>0</visibility>
					<description>ODP-RKT-FKT/17
FKT/D02/17.01
ODP-PB-8
OS-SM 1=1
PS 1x 1:8 (3)</description>
					<Camera>
						<gx:TimeStamp><when>2015-04-11T08:07:03Z</when>
</gx:TimeStamp>
						<longitude>112.7564972328999</longitude>
						<latitude>-7.317076908721885</latitude>
						<altitude>332.4699635462189</altitude>
						<heading>21.79324162864669</heading>
						<tilt>1.199631167479162</tilt>
						<roll>-91.26336098453575</roll>
						<gx:altitudeMode>relativeToSeaFloor</gx:altitudeMode>
					</Camera>
					<styleUrl>#myicon_121310020100119114</styleUrl>
					<Point>
						<gx:drawOrder>1</gx:drawOrder>
						<coordinates>112.756968,-7.316563471064065,0</coordinates>
					</Point>
				</Placemark>
				<Placemark>
					<name>ODP-RKT-FKT/18</name>
					<visibility>0</visibility>
					<description>ODP-RKT-FKT/18
FKT/D02/18.01
ODP-PB-8
OS-SM 1=1
PS 1x 1:8 (4)</description>
					<LookAt>
						<longitude>112.7567718000282</longitude>
						<latitude>-7.317029107388418</latitude>
						<altitude>0</altitude>
						<heading>-109.3581868128126</heading>
						<tilt>41.00109053459197</tilt>
						<range>103.1568697122199</range>
						<gx:altitudeMode>relativeToSeaFloor</gx:altitudeMode>
					</LookAt>
					<styleUrl>#myicon_121310020100119114</styleUrl>
					<Point>
						<gx:drawOrder>1</gx:drawOrder>
						<coordinates>112.756931,-7.317000725614915,0</coordinates>
					</Point>
				</Placemark>
				<Placemark>
					<name>ODP-RKT-FKT/19</name>
					<visibility>0</visibility>
					<description>ODP-RKT-FKT/19
FKT/D02/19.01
ODP-PB-8
OS-SM 1=1
PS 1x 1:8 (5)</description>
					<LookAt>
						<longitude>112.7558080412947</longitude>
						<latitude>-7.316976449650656</latitude>
						<altitude>0</altitude>
						<heading>149.2581456969161</heading>
						<tilt>38.66884507509128</tilt>
						<range>87.88050644525887</range>
						<gx:altitudeMode>relativeToSeaFloor</gx:altitudeMode>
					</LookAt>
					<styleUrl>#myicon_121310020100119114</styleUrl>
					<Point>
						<gx:drawOrder>1</gx:drawOrder>
						<coordinates>112.75577,-7.316858840477409,0</coordinates>
					</Point>
				</Placemark>
				<Placemark>
					<name>ODP-RKT-FKT/20</name>
					<visibility>0</visibility>
					<description>ODP-RKT-FKT/20
FKT/D02/20.01
ODP-PB-8
OS-SM 1=1
PS 1x 1:8 (6)</description>
					<Camera>
						<gx:TimeStamp><when>2015-04-11T08:07:03Z</when>
</gx:TimeStamp>
						<longitude>112.7550452664177</longitude>
						<latitude>-7.31713513633789</latitude>
						<altitude>470.9783886853418</altitude>
						<heading>97.6148010533135</heading>
						<tilt>4.495679232455514</tilt>
						<roll>-15.48757676501581</roll>
						<gx:altitudeMode>relativeToSeaFloor</gx:altitudeMode>
					</Camera>
					<styleUrl>#myicon_121310020100119114</styleUrl>
					<Point>
						<gx:drawOrder>1</gx:drawOrder>
						<coordinates>112.754818,-7.317194842528083,0</coordinates>
					</Point>
				</Placemark>
				<Placemark>
					<name>ODP-RKT-FKT/21</name>
					<visibility>0</visibility>
					<description>ODP-RKT-FKT/21
FKT/D02/21.01
ODP-PB-8
OS-SM 1=1
PS 1x 1:8 (7)</description>
					<LookAt>
						<longitude>112.7563223661456</longitude>
						<latitude>-7.317548846617122</latitude>
						<altitude>0</altitude>
						<heading>-156.1639639025414</heading>
						<tilt>36.23095240609917</tilt>
						<range>126.2761013663286</range>
						<gx:altitudeMode>relativeToSeaFloor</gx:altitudeMode>
					</LookAt>
					<styleUrl>#myicon_121310020100119114</styleUrl>
					<Point>
						<gx:drawOrder>1</gx:drawOrder>
						<coordinates>112.756471,-7.317384692520498,0</coordinates>
					</Point>
				</Placemark>
				<Placemark>
					<name>ODP-RKT-FKT/22</name>
					<visibility>0</visibility>
					<description>ODP-RKT-FKT/22
FKT/D02/22.01
ODP-PB-8
OS-SM 1=1
PS 1x 1:8 (8)</description>
					<LookAt>
						<longitude>112.7567281079153</longitude>
						<latitude>-7.317674587695939</latitude>
						<altitude>0</altitude>
						<heading>177.5426703237558</heading>
						<tilt>45.55660109948126</tilt>
						<range>423.5494588679086</range>
						<gx:altitudeMode>relativeToSeaFloor</gx:altitudeMode>
					</LookAt>
					<styleUrl>#myicon_121310020100119114</styleUrl>
					<Point>
						<gx:drawOrder>1</gx:drawOrder>
						<coordinates>112.756709,-7.31790429062414,0</coordinates>
					</Point>
				</Placemark>
				<Placemark>
					<name>ODP-RKT-FKT/23</name>
					<visibility>0</visibility>
					<description>ODP-RKT-FKT/23
FKT/D02/23.01
ODP-PB-8
OS-SM 1=1
PS 1x 1:8 (9)</description>
					<LookAt>
						<longitude>112.7546055358639</longitude>
						<latitude>-7.317811956721931</latitude>
						<altitude>0</altitude>
						<heading>-156.1637223457805</heading>
						<tilt>44.04422740385356</tilt>
						<range>166.5271390015053</range>
						<gx:altitudeMode>relativeToSeaFloor</gx:altitudeMode>
					</LookAt>
					<styleUrl>#myicon_121310020100119114</styleUrl>
					<Point>
						<gx:drawOrder>1</gx:drawOrder>
						<coordinates>112.75466,-7.317692548684149,0</coordinates>
					</Point>
				</Placemark>
				<Placemark>
					<name>ODP-RKT-FKT/24</name>
					<visibility>0</visibility>
					<description>ODP-RKT-FKT/24
FKT/D02/24.01
ODP-PB-8
OS-SM 1=1
PS 1x 1:8 (10)</description>
					<LookAt>
						<gx:TimeStamp><when>2015-04-11T08:07:03Z</when>
</gx:TimeStamp>
						<longitude>112.7556295335244</longitude>
						<latitude>-7.317881746311044</latitude>
						<altitude>0</altitude>
						<heading>-48.664263655075</heading>
						<tilt>33.10949174555123</tilt>
						<range>224.5800799331499</range>
						<gx:altitudeMode>relativeToSeaFloor</gx:altitudeMode>
					</LookAt>
					<styleUrl>#myicon_121310020100119114</styleUrl>
					<Point>
						<gx:drawOrder>1</gx:drawOrder>
						<coordinates>112.755041,-7.318174481965554,0</coordinates>
					</Point>
				</Placemark>
				<Placemark>
					<name>ODP-RKT-FKT/25</name>
					<visibility>0</visibility>
					<description>ODP-RKT-FKT/25
FKT/D02/25.01
ODP-PB-8
OS-SM 1=1
PS 1x 1:8 (11)</description>
					<LookAt>
						<gx:TimeStamp><when>2015-04-11T08:07:03Z</when>
</gx:TimeStamp>
						<longitude>112.756113562874</longitude>
						<latitude>-7.318106792693506</latitude>
						<altitude>0</altitude>
						<heading>-48.66432530685355</heading>
						<tilt>33.10949174555125</tilt>
						<range>224.5800799350596</range>
						<gx:altitudeMode>relativeToSeaFloor</gx:altitudeMode>
					</LookAt>
					<styleUrl>#myicon_121310020100119114</styleUrl>
					<Point>
						<gx:drawOrder>1</gx:drawOrder>
						<coordinates>112.756186,-7.318280473007516,0</coordinates>
					</Point>
				</Placemark>
				<Placemark>
					<name>ODP-RKT-FKT/26</name>
					<visibility>0</visibility>
					<description>ODP-RKT-FKT/26
FKT/D02/26.01
ODP-PB-8
OS-SM 1=1
PS 1x 1:8 (12)</description>
					<Camera>
						<gx:TimeStamp><when>2015-04-11T08:07:03Z</when>
</gx:TimeStamp>
						<longitude>112.7576595840212</longitude>
						<latitude>-7.317499311130635</latitude>
						<altitude>332.4699635476351</altitude>
						<heading>21.7930935730069</heading>
						<tilt>1.19963116747977</tilt>
						<roll>-91.26336098453581</roll>
						<gx:altitudeMode>relativeToSeaFloor</gx:altitudeMode>
					</Camera>
					<styleUrl>#myicon_121310020100119114</styleUrl>
					<Point>
						<gx:drawOrder>1</gx:drawOrder>
						<coordinates>112.757483,-7.317119667337601,0</coordinates>
					</Point>
				</Placemark>
			</Folder>
			<Folder>
				<name>D.03</name>
				<visibility>0</visibility>
				<Placemark>
					<name>ODP-RKT-FKT/27</name>
					<visibility>0</visibility>
					<description>ODP-RKT-FKT/27
FKT/D03/27.01
ODP-PB-8
OS-SM 1=1
PS 1x 1:8 (1)</description>
					<LookAt>
						<longitude>112.7584308430982</longitude>
						<latitude>-7.312750417311928</latitude>
						<altitude>0</altitude>
						<heading>-64.02867172738573</heading>
						<tilt>35.21093961832323</tilt>
						<range>169.563272368305</range>
						<gx:altitudeMode>relativeToSeaFloor</gx:altitudeMode>
					</LookAt>
					<styleUrl>#myicon_121310020100119171</styleUrl>
					<Point>
						<gx:drawOrder>1</gx:drawOrder>
						<coordinates>112.758691,-7.312654622075576,0</coordinates>
					</Point>
				</Placemark>
				<Placemark>
					<name>ODP-RKT-FKT/28</name>
					<visibility>0</visibility>
					<description>ODP-RKT-FKT/28
FKT/D03/28.01
ODP-PB-8
OS-SM 1=1
PS 1x 1:8 (2)</description>
					<LookAt>
						<longitude>112.7574238373019</longitude>
						<latitude>-7.312737303737604</latitude>
						<altitude>0</altitude>
						<heading>-130.9233296247717</heading>
						<tilt>45.0650452507592</tilt>
						<range>229.3512127115336</range>
						<gx:altitudeMode>relativeToSeaFloor</gx:altitudeMode>
					</LookAt>
					<styleUrl>#myicon_121310020100119171</styleUrl>
					<Point>
						<gx:drawOrder>1</gx:drawOrder>
						<coordinates>112.757402,-7.312669261511652,0</coordinates>
					</Point>
				</Placemark>
				<Placemark>
					<name>ODP-RKT-FKT/29</name>
					<visibility>0</visibility>
					<description>ODP-RKT-FKT/29
FKT/D03/29.01
ODP-PB-8
OS-SM 1=1
PS 1x 1:8 (3)</description>
					<LookAt>
						<longitude>112.7562881418071</longitude>
						<latitude>-7.313393774011201</latitude>
						<altitude>0</altitude>
						<heading>142.9693221954681</heading>
						<tilt>45.20433010359596</tilt>
						<range>173.6070309600433</range>
						<gx:altitudeMode>relativeToSeaFloor</gx:altitudeMode>
					</LookAt>
					<styleUrl>#myicon_121310020100119171</styleUrl>
					<Point>
						<gx:drawOrder>1</gx:drawOrder>
						<coordinates>112.756198,-7.313398278076524,0</coordinates>
					</Point>
				</Placemark>
				<Placemark>
					<name>ODP-RKT-FKT/30</name>
					<visibility>0</visibility>
					<description>ODP-RKT-FKT/30
FKT/D03/30.01
ODP-PB-8
OS-SM 1=1
PS 1x 1:8 (4)</description>
					<LookAt>
						<gx:TimeStamp><when>2015-04-11T08:07:03Z</when>
</gx:TimeStamp>
						<longitude>112.7566989473478</longitude>
						<latitude>-7.314425919583641</latitude>
						<altitude>0</altitude>
						<heading>41.47261237466621</heading>
						<tilt>42.11735978679914</tilt>
						<range>426.4653427517069</range>
						<gx:altitudeMode>relativeToSeaFloor</gx:altitudeMode>
					</LookAt>
					<styleUrl>#myicon_121310020100119171</styleUrl>
					<Point>
						<gx:drawOrder>1</gx:drawOrder>
						<coordinates>112.755685,-7.31459556920835,0</coordinates>
					</Point>
				</Placemark>
				<Placemark>
					<name>ODP-RKT-FKT/31</name>
					<visibility>0</visibility>
					<description>ODP-RKT-FKT/31
FKT/D03/31.01
ODP-PB-8
OS-SM 1=1
PS 1x 1:8 (5)</description>
					<LookAt>
						<longitude>112.7547917872535</longitude>
						<latitude>-7.314078503569902</latitude>
						<altitude>0</altitude>
						<heading>0.0001674078178888313</heading>
						<tilt>0</tilt>
						<range>613.9445410144231</range>
						<gx:altitudeMode>relativeToSeaFloor</gx:altitudeMode>
					</LookAt>
					<styleUrl>#myicon_121310020100119171</styleUrl>
					<Point>
						<gx:drawOrder>1</gx:drawOrder>
						<coordinates>112.756398,-7.314307378030751,0</coordinates>
					</Point>
				</Placemark>
				<Placemark>
					<name>ODP-RKT-FKT/32</name>
					<visibility>0</visibility>
					<description>ODP-RKT-FKT/32
FKT/D03/32.01
ODP-PB-8
OS-SM 1=1
PS 1x 1:8 (6)</description>
					<LookAt>
						<longitude>112.7555705719901</longitude>
						<latitude>-7.313306061246041</latitude>
						<altitude>0</altitude>
						<heading>6.824077212821504e-05</heading>
						<tilt>0</tilt>
						<range>613.9445410143436</range>
						<gx:altitudeMode>relativeToSeaFloor</gx:altitudeMode>
					</LookAt>
					<styleUrl>#myicon_121310020100119171</styleUrl>
					<Point>
						<gx:drawOrder>1</gx:drawOrder>
						<coordinates>112.757235,-7.313351834699881,0</coordinates>
					</Point>
				</Placemark>
				<Placemark>
					<name>ODP-RKT-FKT/33</name>
					<visibility>0</visibility>
					<description>ODP-RKT-FKT/33
FKT/D03/33.01
ODP-PB-8
OS-SM 1=1
PS 1x 1:8 (7)</description>
					<LookAt>
						<gx:TimeStamp><when>2015-04-11T08:07:03Z</when>
</gx:TimeStamp>
						<longitude>112.7566935267269</longitude>
						<latitude>-7.31362585072418</latitude>
						<altitude>0</altitude>
						<heading>53.90235617818399</heading>
						<tilt>29.10939008800763</tilt>
						<range>461.6176245883243</range>
						<gx:altitudeMode>relativeToSeaFloor</gx:altitudeMode>
					</LookAt>
					<styleUrl>#myicon_121310020100119171</styleUrl>
					<Point>
						<gx:drawOrder>1</gx:drawOrder>
						<coordinates>112.757527,-7.313916719414084,0</coordinates>
					</Point>
				</Placemark>
				<Placemark>
					<name>ODP-RKT-FKT/34</name>
					<visibility>0</visibility>
					<description>ODP-RKT-FKT/34
FKT/D03/34.01
ODP-PB-8
OS-SM 1=1
PS 1x 1:8 (8)</description>
					<LookAt>
						<gx:TimeStamp><when>2015-04-11T08:07:03Z</when>
</gx:TimeStamp>
						<longitude>112.7569671460374</longitude>
						<latitude>-7.314605646028583</latitude>
						<altitude>0</altitude>
						<heading>41.47244021583256</heading>
						<tilt>45.39424314774544</tilt>
						<range>207.9827743749982</range>
						<gx:altitudeMode>relativeToSeaFloor</gx:altitudeMode>
					</LookAt>
					<styleUrl>#myicon_121310020100119171</styleUrl>
					<Point>
						<gx:drawOrder>1</gx:drawOrder>
						<coordinates>112.756774,-7.314719245989306,0</coordinates>
					</Point>
				</Placemark>
				<Placemark>
					<name>ODP-RKT-FKT/35</name>
					<visibility>0</visibility>
					<description>ODP-RKT-FKT/35
FKT/D03/35.01
ODP-PB-8
OS-SM 1=1
PS 1x 1:8 (9)</description>
					<LookAt>
						<gx:TimeStamp><when>2015-04-11T08:07:03Z</when>
</gx:TimeStamp>
						<longitude>112.7577897593231</longitude>
						<latitude>-7.315082356923961</latitude>
						<altitude>0</altitude>
						<heading>15.17835003324665</heading>
						<tilt>9.994704784220087</tilt>
						<range>441.8348387670565</range>
						<gx:altitudeMode>relativeToSeaFloor</gx:altitudeMode>
					</LookAt>
					<styleUrl>#myicon_121310020100119171</styleUrl>
					<Point>
						<gx:drawOrder>1</gx:drawOrder>
						<coordinates>112.756786,-7.315390090118968,0</coordinates>
					</Point>
				</Placemark>
			</Folder>
			<Folder>
				<name>D.04</name>
				<visibility>0</visibility>
				<Placemark>
					<name>ODP-RKT-FKT/36</name>
					<visibility>0</visibility>
					<description>ODP-RKT-FKT/36
FKT/D04/36.01
ODP-PB-8
OS-SM 1=1
PS 1x 1:8 (1)</description>
					<LookAt>
						<longitude>112.758972397928</longitude>
						<latitude>-7.315118344637967</latitude>
						<altitude>0</altitude>
						<heading>-64.03391762173882</heading>
						<tilt>40.01334966027717</tilt>
						<range>137.7896911442965</range>
						<gx:altitudeMode>relativeToSeaFloor</gx:altitudeMode>
					</LookAt>
					<styleUrl>#myicon_121310020100119126</styleUrl>
					<Point>
						<gx:drawOrder>1</gx:drawOrder>
						<coordinates>112.75915,-7.315125815318346,0</coordinates>
					</Point>
				</Placemark>
				<Placemark>
					<name>ODP-RKT-FKT/37</name>
					<visibility>0</visibility>
					<description>ODP-RKT-FKT/37
FKT/D04/37.01
ODP-PB-8
OS-SM 1=1
PS 1x 1:8 (2)</description>
					<LookAt>
						<gx:TimeStamp><when>2015-04-11T08:07:03Z</when>
</gx:TimeStamp>
						<longitude>112.7586225133562</longitude>
						<latitude>-7.31575463663914</latitude>
						<altitude>0</altitude>
						<heading>9.99060290387611e-06</heading>
						<tilt>6.449491508379418</tilt>
						<range>356.202607141431</range>
						<gx:altitudeMode>relativeToSeaFloor</gx:altitudeMode>
					</LookAt>
					<styleUrl>#myicon_121310020100119126</styleUrl>
					<Point>
						<gx:drawOrder>1</gx:drawOrder>
						<coordinates>112.758476,-7.31572082542919,0</coordinates>
					</Point>
				</Placemark>
				<Placemark>
					<name>ODP-RKT-FKT/38</name>
					<visibility>0</visibility>
					<description>ODP-RKT-FKT/38
FKT/D04/38.01
ODP-PB-8
OS-SM 1=1
PS 1x 1:8 (3)</description>
					<LookAt>
						<gx:TimeStamp><when>2015-04-11T08:07:03Z</when>
</gx:TimeStamp>
						<longitude>112.7578260699363</longitude>
						<latitude>-7.315379007817962</latitude>
						<altitude>0</altitude>
						<heading>0.0002117656724794458</heading>
						<tilt>15.81441760194105</tilt>
						<range>337.6313348750095</range>
						<gx:altitudeMode>relativeToSeaFloor</gx:altitudeMode>
					</LookAt>
					<styleUrl>#myicon_121310020100119126</styleUrl>
					<Point>
						<gx:drawOrder>1</gx:drawOrder>
						<coordinates>112.757738,-7.315311,0</coordinates>
					</Point>
				</Placemark>
				<Placemark>
					<name>ODP-RKT-FKT/39</name>
					<visibility>0</visibility>
					<description>ODP-RKT-FKT/39
FKT/D04/39.01
ODP-PB-8
OS-SM 1=1
PS 1x 1:8 (4)</description>
					<LookAt>
						<gx:TimeStamp><when>2015-04-11T08:07:03Z</when>
</gx:TimeStamp>
						<longitude>112.7582233759709</longitude>
						<latitude>-7.314466614301138</latitude>
						<altitude>0</altitude>
						<heading>0.0001611855534065559</heading>
						<tilt>15.81441760194105</tilt>
						<range>337.6313348756033</range>
						<gx:altitudeMode>relativeToSeaFloor</gx:altitudeMode>
					</LookAt>
					<styleUrl>#myicon_121310020100119126</styleUrl>
					<Point>
						<gx:drawOrder>1</gx:drawOrder>
						<coordinates>112.757772,-7.314659812441604,0</coordinates>
					</Point>
				</Placemark>
				<Placemark>
					<name>ODP-RKT-FKT/40</name>
					<visibility>0</visibility>
					<description>ODP-RKT-FKT/40
FKT/D04/40.01
ODP-PB-8
OS-SM 1=1
PS 1x 1:8 (5)</description>
					<LookAt>
						<gx:TimeStamp><when>2015-04-11T08:07:03Z</when>
</gx:TimeStamp>
						<longitude>112.7580946704501</longitude>
						<latitude>-7.314440501867097</latitude>
						<altitude>0</altitude>
						<heading>0.0002358580593919431</heading>
						<tilt>21.63258442636472</tilt>
						<range>249.562917785346</range>
						<gx:altitudeMode>relativeToSeaFloor</gx:altitudeMode>
					</LookAt>
					<styleUrl>#myicon_121310020100119126</styleUrl>
					<Point>
						<gx:drawOrder>1</gx:drawOrder>
						<coordinates>112.758121,-7.314218353168604,0</coordinates>
					</Point>
				</Placemark>
				<Placemark>
					<name>ODP-RKT-FKT/41</name>
					<visibility>0</visibility>
					<description>ODP-RKT-FKT/41
FKT/D04/41.01
ODP-PB-8
OS-SM 1=1
PS 1x 1:8 (6)</description>
					<LookAt>
						<gx:TimeStamp><when>2015-04-11T08:07:03Z</when>
</gx:TimeStamp>
						<longitude>112.7591881162329</longitude>
						<latitude>-7.314853511949218</latitude>
						<altitude>0</altitude>
						<heading>9.663968432719784e-05</heading>
						<tilt>21.63258442636471</tilt>
						<range>249.5629177851211</range>
						<gx:altitudeMode>relativeToSeaFloor</gx:altitudeMode>
					</LookAt>
					<styleUrl>#myicon_121310020100119126</styleUrl>
					<Point>
						<gx:drawOrder>1</gx:drawOrder>
						<coordinates>112.759071,-7.314721585905852,0</coordinates>
					</Point>
				</Placemark>
				<Placemark>
					<name>ODP-RKT-FKT/42</name>
					<visibility>0</visibility>
					<description>ODP-RKT-FKT/42
FKT/D04/42.01
ODP-PB-8
OS-SM 1=1
PS 1x 1:8 (7)</description>
					<LookAt>
						<gx:TimeStamp><when>2015-04-11T08:07:03Z</when>
</gx:TimeStamp>
						<longitude>112.7595688709374</longitude>
						<latitude>-7.315226820170628</latitude>
						<altitude>0</altitude>
						<heading>-15.60715636318053</heading>
						<tilt>42.1025642032499</tilt>
						<range>182.8692342762519</range>
						<gx:altitudeMode>relativeToSeaFloor</gx:altitudeMode>
					</LookAt>
					<styleUrl>#myicon_121310020100119126</styleUrl>
					<Point>
						<gx:drawOrder>1</gx:drawOrder>
						<coordinates>112.759792,-7.315098641451774,0</coordinates>
					</Point>
				</Placemark>
				<Placemark>
					<name>ODP-RKT-FKT/43</name>
					<visibility>0</visibility>
					<description>ODP-RKT-FKT/43
FKT/D04/43.01
ODP-PB-8
OS-SM 1=1
PS 1x 1:8 (8)</description>
					<LookAt>
						<gx:TimeStamp><when>2015-04-11T08:07:03Z</when>
</gx:TimeStamp>
						<longitude>112.7590453663685</longitude>
						<latitude>-7.316099648274213</latitude>
						<altitude>0</altitude>
						<heading>-40.71962726330792</heading>
						<tilt>39.55025088354964</tilt>
						<range>182.6957869934171</range>
						<gx:altitudeMode>relativeToSeaFloor</gx:altitudeMode>
					</LookAt>
					<styleUrl>#myicon_121310020100119126</styleUrl>
					<Point>
						<gx:drawOrder>1</gx:drawOrder>
						<coordinates>112.75915,-7.316134416296141,0</coordinates>
					</Point>
				</Placemark>
				<Placemark>
					<name>ODP-RKT-FKT/44</name>
					<visibility>0</visibility>
					<description>ODP-RKT-FKT/44
FKT/D04/44.01
ODP-PB-8
OS-SM 1=1
PS 1x 1:8 (8)</description>
					<LookAt>
						<longitude>112.7585165493077</longitude>
						<latitude>-7.316277764480604</latitude>
						<altitude>0</altitude>
						<heading>0.000538640406747943</heading>
						<tilt>32.14109038016625</tilt>
						<range>265.7609434714015</range>
						<gx:altitudeMode>relativeToSeaFloor</gx:altitudeMode>
					</LookAt>
					<styleUrl>#myicon_121310020100119126</styleUrl>
					<Point>
						<gx:drawOrder>1</gx:drawOrder>
						<coordinates>112.7580990605995,-7.316123824725563,0</coordinates>
					</Point>
				</Placemark>
			</Folder>
			<Folder>
				<name>D.05</name>
				<visibility>0</visibility>
				<Placemark>
					<name>ODP-RKT-FKT/45</name>
					<visibility>0</visibility>
					<description>ODP-RKT-FKT/45
FKT/D05/45.01
ODP-PL-08
PS 1x1:8(8)
CORE (10)
S -7.315242°
E 112.760420°</description>
					<LookAt>
						<longitude>112.7605255229534</longitude>
						<latitude>-7.315414416707788</latitude>
						<altitude>0</altitude>
						<heading>-0.0001612869350779129</heading>
						<tilt>24.19286497369758</tilt>
						<range>119.5000210605879</range>
						<gx:altitudeMode>relativeToSeaFloor</gx:altitudeMode>
					</LookAt>
					<styleUrl>#msn_ylw-stars10</styleUrl>
					<Point>
						<gx:drawOrder>1</gx:drawOrder>
						<coordinates>112.76042,-7.315242,0</coordinates>
					</Point>
				</Placemark>
				<Placemark>
					<name>ODP-RKT-FKT/46</name>
					<visibility>0</visibility>
					<description>ODP-RKT-FKT/46
FKT/D05/46.01
ODP-PL-08
PS 1x1:8(8)
CORE (11)
S -7.315322°
E 112.760403°</description>
					<LookAt>
						<longitude>112.7603049403113</longitude>
						<latitude>-7.315367440502643</latitude>
						<altitude>0</altitude>
						<heading>-0.0001331994029543199</heading>
						<tilt>24.19286312292833</tilt>
						<range>118.9972708621205</range>
						<gx:altitudeMode>relativeToSeaFloor</gx:altitudeMode>
					</LookAt>
					<styleUrl>#msn_ylw-stars10</styleUrl>
					<Point>
						<gx:drawOrder>1</gx:drawOrder>
						<coordinates>112.760403,-7.315322,0</coordinates>
					</Point>
				</Placemark>
				<Placemark>
					<name>ODP-RKT-FKT/47</name>
					<visibility>0</visibility>
					<description>ODP-RKT-FKT/47
FKT/D05/47.01
ODP-PL-08
PS 1x1:8(8)
CORE (12)
S -7.315695°
E 112.760404°</description>
					<LookAt>
						<longitude>112.7604656727101</longitude>
						<latitude>-7.315755487154459</latitude>
						<altitude>0</altitude>
						<heading>-0.0001536653307073051</heading>
						<tilt>24.19286587863514</tilt>
						<range>119.7458391558001</range>
						<gx:altitudeMode>relativeToSeaFloor</gx:altitudeMode>
					</LookAt>
					<styleUrl>#msn_ylw-stars10</styleUrl>
					<Point>
						<gx:drawOrder>1</gx:drawOrder>
						<coordinates>112.760404,-7.315695,0</coordinates>
					</Point>
				</Placemark>
				<Placemark>
					<name>ODP-RKT-FKT/48</name>
					<visibility>0</visibility>
					<description>ODP-RKT-FKT/48
FKT/D05/48.01
ODP-PL-08
PS 1x1:8(8)
CORE (13)
S  -7.315770°
E 112.760387°</description>
					<LookAt>
						<longitude>112.7602335211833</longitude>
						<latitude>-7.315847931628648</latitude>
						<altitude>0</altitude>
						<heading>-0.0001241034719038563</heading>
						<tilt>24.19286454287398</tilt>
						<range>119.3829698080018</range>
						<gx:altitudeMode>relativeToSeaFloor</gx:altitudeMode>
					</LookAt>
					<styleUrl>#msn_ylw-stars10</styleUrl>
					<Point>
						<gx:drawOrder>1</gx:drawOrder>
						<coordinates>112.760387,-7.315770000000001,0</coordinates>
					</Point>
				</Placemark>
				<Placemark>
					<name>ODP-RKT-FKT/49</name>
					<visibility>0</visibility>
					<description>ODP-RKT-FKT/49
FKT/D05/49.01
ODP-PL-08
PS 1x1:8(8)
CORE (14)
S  -7.316127°
E 112.760305°</description>
					<LookAt>
						<longitude>112.7603373107552</longitude>
						<latitude>-7.316103179934425</latitude>
						<altitude>0</altitude>
						<heading>-0.0001555650679081357</heading>
						<tilt>24.70932000643765</tilt>
						<range>46.84913439127658</range>
						<gx:altitudeMode>relativeToSeaFloor</gx:altitudeMode>
					</LookAt>
					<styleUrl>#msn_ylw-stars10</styleUrl>
					<Point>
						<gx:drawOrder>1</gx:drawOrder>
						<coordinates>112.760305,-7.316127,0</coordinates>
					</Point>
				</Placemark>
				<Placemark>
					<name>ODP-RKT-FKT/50</name>
					<visibility>0</visibility>
					<description>ODP-RKT-FKT/50
FKT/D05/50.01
ODP-PL-08
PS 1x1:8(8)
CORE (15)
S  -7.316376°
E 112.760865°</description>
					<LookAt>
						<longitude>112.7603190607774</longitude>
						<latitude>-7.316322510445875</latitude>
						<altitude>0</altitude>
						<heading>-0.0005658558313595013</heading>
						<tilt>23.64106867177414</tilt>
						<range>147.6578172918546</range>
						<gx:altitudeMode>relativeToSeaFloor</gx:altitudeMode>
					</LookAt>
					<styleUrl>#msn_ylw-stars10</styleUrl>
					<Point>
						<gx:drawOrder>1</gx:drawOrder>
						<coordinates>112.760865,-7.316376,0</coordinates>
					</Point>
				</Placemark>
				<Placemark>
					<name>ODP-RKT-FKT/51</name>
					<visibility>0</visibility>
					<description>ODP-RKT-FKT/51
FKT/D05/51.01
ODP-PL-08
PS 1x1:8(8)
CORE (16)
S -7.316188°
E 112.760303°</description>
					<LookAt>
						<longitude>112.7603369779338</longitude>
						<latitude>-7.316102695180093</latitude>
						<altitude>0</altitude>
						<heading>-0.0001258582402174418</heading>
						<tilt>22.20535652053389</tilt>
						<range>53.5005415138178</range>
						<gx:altitudeMode>relativeToSeaFloor</gx:altitudeMode>
					</LookAt>
					<styleUrl>#msn_ylw-stars10</styleUrl>
					<Point>
						<gx:drawOrder>1</gx:drawOrder>
						<coordinates>112.760303,-7.316188000000001,0</coordinates>
					</Point>
				</Placemark>
				<Placemark>
					<name>ODP-RKT-FKT/52</name>
					<visibility>0</visibility>
					<description>ODP-RKT-FKT/52
FKT/D05/52.01
ODP-PL-08
PS 1x1:8(8)
CORE (17)
S  -7.316546°
E 112.760232°</description>
					<LookAt>
						<longitude>112.7602352376399</longitude>
						<latitude>-7.316530039943014</latitude>
						<altitude>0</altitude>
						<heading>-0.0001439330098300235</heading>
						<tilt>27.6915014004682</tilt>
						<range>60.21383143230611</range>
						<gx:altitudeMode>relativeToSeaFloor</gx:altitudeMode>
					</LookAt>
					<styleUrl>#msn_ylw-stars10</styleUrl>
					<Point>
						<gx:drawOrder>1</gx:drawOrder>
						<coordinates>112.760232,-7.316545999999999,0</coordinates>
					</Point>
				</Placemark>
				<Placemark>
					<name>ODP-RKT-FKT/53</name>
					<visibility>0</visibility>
					<description>ODP-RKT-FKT/53
FKT/D05/53.01
ODP-PL-08
PS 1x1:8(8)
CORE (18)
S  -7.316618°
E 112.760212°</description>
					<LookAt>
						<longitude>112.7602437489072</longitude>
						<latitude>-7.316541589007282</latitude>
						<altitude>0</altitude>
						<heading>-0.0001427200118694743</heading>
						<tilt>25.4384370742635</tilt>
						<range>76.19929080339028</range>
						<gx:altitudeMode>relativeToSeaFloor</gx:altitudeMode>
					</LookAt>
					<styleUrl>#msn_ylw-stars10</styleUrl>
					<Point>
						<gx:drawOrder>1</gx:drawOrder>
						<coordinates>112.760212,-7.316618,0</coordinates>
					</Point>
				</Placemark>
				<Placemark>
					<name>ODP-RKT-FKT/54</name>
					<visibility>0</visibility>
					<description>ODP-RKT-FKT/54
FKT/D05/54.01
ODP-PL-08
PS 1x1:8(8)
CORE (19)
S -7.316802°
E 112.759454°</description>
					<LookAt>
						<longitude>112.7594856154813</longitude>
						<latitude>-7.316685785894841</latitude>
						<altitude>0</altitude>
						<heading>-3.42896144417411e-05</heading>
						<tilt>23.8940064491581</tilt>
						<range>119.1883393529376</range>
						<gx:altitudeMode>relativeToSeaFloor</gx:altitudeMode>
					</LookAt>
					<styleUrl>#msn_ylw-stars10</styleUrl>
					<Point>
						<gx:drawOrder>1</gx:drawOrder>
						<coordinates>112.759454,-7.316802,0</coordinates>
					</Point>
				</Placemark>
				<Placemark>
					<name>ODP-RKT-FKT/55</name>
					<visibility>0</visibility>
					<description>ODP-RKT-FKT/55
FKT/D05/55.01
ODP-PL-08
PS 1x1:8(8)
CORE (20)
S  -7.316945°
E 112.758902°</description>
					<LookAt>
						<longitude>112.7589542719093</longitude>
						<latitude>-7.316904767714369</latitude>
						<altitude>0</altitude>
						<heading>4.192889795931211e-05</heading>
						<tilt>20.00509004325769</tilt>
						<range>102.0264711452964</range>
						<gx:altitudeMode>relativeToSeaFloor</gx:altitudeMode>
					</LookAt>
					<styleUrl>#msn_ylw-stars10</styleUrl>
					<Point>
						<gx:drawOrder>1</gx:drawOrder>
						<coordinates>112.758902,-7.316944999999999,0</coordinates>
					</Point>
				</Placemark>
				<Placemark>
					<name>ODP-RKT-FKT/56</name>
					<visibility>0</visibility>
					<description>ODP-RKT-FKT/56
FKT/D05/56.01
ODP-PL-08
PS 1x1:8(8)
CORE (21)
S -7.316878°
E 112.757911°</description>
					<LookAt>
						<longitude>112.7581276488807</longitude>
						<latitude>-7.316987111412008</latitude>
						<altitude>0</altitude>
						<heading>3.2536893933062e-05</heading>
						<tilt>16.14100721730354</tilt>
						<range>121.5775308787289</range>
						<gx:altitudeMode>relativeToSeaFloor</gx:altitudeMode>
					</LookAt>
					<styleUrl>#msn_ylw-stars10</styleUrl>
					<Point>
						<gx:drawOrder>1</gx:drawOrder>
						<coordinates>112.757911,-7.316878,0</coordinates>
					</Point>
				</Placemark>
				<Placemark>
					<name>ODP-RKT-FKT/57</name>
					<visibility>0</visibility>
					<description>ODP-RKT-FKT/57
FKT/D05/57.01
ODP-PL-08
PS 1x1:8(8)
CORE (22)
S  -7.316931°
E 112.758294°</description>
					<LookAt>
						<longitude>112.7583677242301</longitude>
						<latitude>-7.316987391659229</latitude>
						<altitude>0</altitude>
						<heading>-0.0001337313796209306</heading>
						<tilt>20.12735696383984</tilt>
						<range>72.02089213658763</range>
						<gx:altitudeMode>relativeToSeaFloor</gx:altitudeMode>
					</LookAt>
					<styleUrl>#msn_ylw-stars10</styleUrl>
					<Point>
						<gx:drawOrder>1</gx:drawOrder>
						<coordinates>112.758294,-7.316931,0</coordinates>
					</Point>
				</Placemark>
				<Placemark>
					<name>ODP-RKT-FKT/58</name>
					<visibility>0</visibility>
					<description>ODP-RKT-FKT/58
FKT/D05/58.01
ODP-PL-08
PS 1x1:8(8)
CORE (23)
S -7.316875°
E 112.758435°</description>
					<LookAt>
						<longitude>112.7583302298318</longitude>
						<latitude>-7.316719109494422</latitude>
						<altitude>0</altitude>
						<heading>9.119606435632043e-05</heading>
						<tilt>19.23277906297482</tilt>
						<range>107.5147859275409</range>
						<gx:altitudeMode>relativeToSeaFloor</gx:altitudeMode>
					</LookAt>
					<styleUrl>#msn_ylw-stars10</styleUrl>
					<Point>
						<gx:drawOrder>1</gx:drawOrder>
						<coordinates>112.758435,-7.316875,0</coordinates>
					</Point>
				</Placemark>
				<Placemark>
					<name>ODP-RKT-FKT/59</name>
					<visibility>0</visibility>
					<description>ODP-RKT-FKT/59
FKT/D05/59.01
ODP-PL-08
PS 1x1:8(8)
CORE (24)
S   -7.316632°
E 112.757997°</description>
					<LookAt>
						<longitude>112.7579375817019</longitude>
						<latitude>-7.316610860954535</latitude>
						<altitude>0</altitude>
						<heading>-5.719008502236662e-05</heading>
						<tilt>5.486830023093282</tilt>
						<range>81.3254844637876</range>
						<gx:altitudeMode>relativeToSeaFloor</gx:altitudeMode>
					</LookAt>
					<styleUrl>#msn_ylw-stars10</styleUrl>
					<Point>
						<gx:drawOrder>1</gx:drawOrder>
						<coordinates>112.757997,-7.316632,0</coordinates>
					</Point>
				</Placemark>
			</Folder>
		</Folder>
		<Folder>
			<name>DISTRIBUSI</name>
			<visibility>0</visibility>
			<Folder>
				<name>D.01</name>
				<visibility>0</visibility>
				<Placemark>
					<name>DS-RKT-FE-53-01-03/01-01</name>
					<visibility>0</visibility>
					<description>Spec Id : AC-OF-SM-24-SC
Network Type : Distribution
Fiber Length : 128.294 m
Construction Status : In Service
Witel : SURABAYA SELATAN
Sto : RKT
Jumlah HP : 106
Project Id : 4568003-4568008</description>
					<styleUrl>#m_kabel_4113</styleUrl>
					<LineString>
						<tessellate>1</tessellate>
						<coordinates>
							112.757924156427,-7.316169185964,0 112.757875737233,-7.316144432349001,0 112.757829024838,-7.316241212723,0 112.7576312829231,-7.316030720147014,0 112.757435533033,-7.315890654907101,0 112.7572747082916,-7.315797715559198,0 112.7570823145745,-7.315726809040398,0 
						</coordinates>
					</LineString>
				</Placemark>
				<Placemark>
					<name>DS-RKT-FE-53-01-03/01-02</name>
					<visibility>0</visibility>
					<description>Spec Id : AC-OF-SM-24-SC
Network Type : Distribution
Fiber Length : 107.701 m
Construction Status : In Service
Witel : SURABAYA SELATAN
Sto : RKT
Jumlah HP : 100
Project Id : 4568003-4568008</description>
					<styleUrl>#m_kabel_416</styleUrl>
					<LineString>
						<tessellate>1</tessellate>
						<coordinates>
							112.7570778579046,-7.315713665506894,0 112.7565520677421,-7.315443962059929,0 112.7562221686656,-7.315209121074667,0 
						</coordinates>
					</LineString>
				</Placemark>
				<Placemark>
					<name>DS-RKT-FE-53-01-03/01-03</name>
					<visibility>0</visibility>
					<description>Spec Id : AC-OF-SM-24-SC
Network Type : Distribution
Fiber Length : 187.195 m
Construction Status : In Service
Witel : SURABAYA SELATAN
Sto : RKT
Jumlah HP : 237
Project Id : 4568003-4568008</description>
					<styleUrl>#m_kabel_411</styleUrl>
					<LineString>
						<tessellate>1</tessellate>
						<coordinates>
							112.7562175253486,-7.315208487411204,0 112.7558325605196,-7.314885744781973,0 112.7553785047531,-7.314469035527344,0 112.7551406231869,-7.314713538117938,0 
						</coordinates>
					</LineString>
				</Placemark>
				<Placemark>
					<name>DS-RKT-FE-53-01-03/01-04</name>
					<visibility>0</visibility>
					<description>Spec Id : AC-OF-SM-24-SC
Network Type : Distribution
Fiber Length : 187.361 m
Construction Status : In Service
Witel : SURABAYA SELATAN
Sto : RKT
Jumlah HP : 204
Project Id : 4568003-4568008</description>
					<styleUrl>#m_kabel_413</styleUrl>
					<LineString>
						<tessellate>1</tessellate>
						<coordinates>
							112.755152285644,-7.314715317896126,0 112.7545285623561,-7.315336159623995,0 112.7539035543078,-7.315845784796224,0 
						</coordinates>
					</LineString>
				</Placemark>
				<Placemark>
					<name>DS-RKT-FE-53-01-03/01-05</name>
					<visibility>0</visibility>
					<description>Spec Id : AC-OF-SM-24-SC
Network Type : Distribution
Fiber Length : 59.378 m
Construction Status : In Service
Witel : SURABAYA SELATAN
Sto : RKT
Jumlah HP : 60
Project Id : 4568003-4568008</description>
					<styleUrl>#m_kabel_415</styleUrl>
					<LineString>
						<tessellate>1</tessellate>
						<coordinates>
							112.7539128474782,-7.315847418462694,0 112.7535047303721,-7.316221667065534,0 
						</coordinates>
					</LineString>
				</Placemark>
				<Placemark>
					<name>DS-RKT-FE-53-01-03/01-06</name>
					<visibility>0</visibility>
					<description>Spec Id : AC-OF-SM-24-SC
Network Type : Distribution
Fiber Length : 225.222 m
Construction Status : In Service
Witel : SURABAYA SELATAN
Sto : RKT
Jumlah HP : 162
Project Id : 4568003-4568008</description>
					<styleUrl>#m_kabel_4111</styleUrl>
					<LineString>
						<tessellate>1</tessellate>
						<coordinates>
							112.7535170811253,-7.316232623575272,0 112.7531837332916,-7.316508717350596,0 112.7526164142496,-7.316963817582853,0 112.7521126595058,-7.317395652662641,0 
						</coordinates>
					</LineString>
				</Placemark>
				<Placemark>
					<name>DS-RKT-FE-53-01-03/01-07</name>
					<visibility>0</visibility>
					<description>Spec Id : AC-OF-SM-24-SC
Network Type : Distribution
Fiber Length : 168.986 m
Construction Status : In Service
Witel : SURABAYA SELATAN
Sto : RKT
Jumlah HP : 114
Project Id : 4568003-4568008</description>
					<styleUrl>#m_kabel_4110</styleUrl>
					<LineString>
						<tessellate>1</tessellate>
						<coordinates>
							112.7521204933569,-7.317390303144137,0 112.7517152780998,-7.317720388467563,0 112.7517809373676,-7.317863499813104,0 112.7522520371478,-7.317918572182903,0 
						</coordinates>
					</LineString>
				</Placemark>
				<Placemark>
					<name>DS-RKT-FE-53-01-03/01-08</name>
					<visibility>0</visibility>
					<description>Spec Id : AC-OF-SM-24-SC
Network Type : Distribution
Fiber Length : 163.502 m
Construction Status : In Service
Witel : SURABAYA SELATAN
Sto : RKT
Jumlah HP : 109
Project Id : 4568003-4568008</description>
					<styleUrl>#m_kabel_41</styleUrl>
					<LineString>
						<tessellate>1</tessellate>
						<coordinates>
							112.7522441046404,-7.31791524324775,0 112.7528028882987,-7.317965723126099,0 112.7535231317842,-7.318026707340127,0 
						</coordinates>
					</LineString>
				</Placemark>
				<Placemark>
					<name>DS-RKT-FE-53-01-03/01-09</name>
					<visibility>0</visibility>
					<description>Spec Id : AC-OF-SM-24-SC
Network Type : Distribution
Fiber Length : 124.427 m
Construction Status : In Service
Witel : SURABAYA SELATAN
Sto : RKT
Jumlah HP : 100
Project Id : 4568003-4568008</description>
					<styleUrl>#m_kabel_4115</styleUrl>
					<LineString>
						<tessellate>1</tessellate>
						<coordinates>
							112.7535194640593,-7.318036944714065,0 112.7539465440269,-7.318085890866713,0 112.753954950344,-7.317585144898,0 112.753962586024,-7.317475496428999,0 
						</coordinates>
					</LineString>
				</Placemark>
				<Placemark>
					<name>DS-RKT-FE-53-01-03/01-10</name>
					<visibility>0</visibility>
					<description>Spec Id : AC-OF-SM-24-SC
Network Type : Distribution
Fiber Length : 123.717 m
Construction Status : In Service
Witel : SURABAYA SELATAN
Sto : RKT
Jumlah HP : 124
Project Id : 4568003-4568008</description>
					<styleUrl>#m_kabel_4116</styleUrl>
					<LineString>
						<tessellate>1</tessellate>
						<coordinates>
							112.753962586024,-7.317475496428999,0 112.753989086325,-7.31723296503,0 112.754161203533,-7.317056740994,0 112.754435728684,-7.316851831339999,0 112.7545953335141,-7.316704419491499,0 
						</coordinates>
					</LineString>
				</Placemark>
				<Placemark>
					<name>DS-RKT-FE-53-01-03/01-11</name>
					<visibility>0</visibility>
					<description>Spec Id : AC-OF-SM-24-SC
Network Type : Distribution
Fiber Length : 82.416 m
Construction Status : In Service
Witel : SURABAYA SELATAN
Sto : RKT
Jumlah HP : 99
Project Id : 4568003-4568008</description>
					<styleUrl>#m_kabel_4117</styleUrl>
					<LineString>
						<tessellate>1</tessellate>
						<coordinates>
							112.7546067122725,-7.316688258603308,0 112.7547480028944,-7.316564464694331,0 112.7544708221551,-7.316288678615877,0 
						</coordinates>
					</LineString>
				</Placemark>
				<Placemark>
					<name>DS-RKT-FE-53-01-03/01-11-01</name>
					<visibility>0</visibility>
					<description>Spec Id : AC-OF-SM-12-SC
Network Type : Distribution
Fiber Length : 74.347 m
Construction Status : In Service
Witel : SURABAYA SELATAN
Sto : RKT
Jumlah HP : 109
Project Id : 4568003-4568008</description>
					<styleUrl>#m_kabel_412</styleUrl>
					<LineString>
						<tessellate>1</tessellate>
						<coordinates>
							112.75446566249,-7.316283712632742,0 112.7550277879917,-7.315811770008139,0 
						</coordinates>
					</LineString>
				</Placemark>
				<Placemark>
					<name>DS-RKT-FE-53-01-03/01-11-02</name>
					<visibility>0</visibility>
					<description>Spec Id : AC-OF-SM-12-SC
Network Type : Distribution
Fiber Length : 104.997 m
Construction Status : In Service
Witel : SURABAYA SELATAN
Sto : RKT
Jumlah HP : 127
Project Id : 4568003-4568008</description>
					<styleUrl>#m_kabel_4114</styleUrl>
					<LineString>
						<tessellate>1</tessellate>
						<coordinates>
							112.7550262336073,-7.315815139859257,0 112.7552189775277,-7.315581168579489,0 112.7556505362434,-7.315161981470247,0 
						</coordinates>
					</LineString>
				</Placemark>
				<Placemark>
					<name>DS-RKT-FE-53-01-03/01-12</name>
					<visibility>0</visibility>
					<description>Spec Id : AC-OF-SM-24-SC
Network Type : Distribution
Fiber Length : 202.746 m
Construction Status : In Service
Witel : SURABAYA SELATAN
Sto : RKT
Jumlah HP : 149
Project Id : 4568003-4568008</description>
					<styleUrl>#m_kabel_410</styleUrl>
					<LineString>
						<tessellate>1</tessellate>
						<coordinates>
							112.7544603191306,-7.316279550891584,0 112.7541051981391,-7.316526398521193,0 112.7536743822885,-7.316872430154244,0 112.7535311935818,-7.317026320260234,0 112.7532365457617,-7.31731215831194,0 
						</coordinates>
					</LineString>
				</Placemark>
			</Folder>
			<Folder>
				<name>D.02</name>
				<visibility>0</visibility>
				<Placemark>
					<name>DS-RKT-FE-53-01-03/02-01</name>
					<visibility>0</visibility>
					<description>Spec Id : AC-OF-SM-24-SC
Network Type : Distribution
Fiber Length : 161.905 m
Construction Status : In Service
Witel : SURABAYA SELATAN
Sto : RKT
Jumlah HP : 131
Project Id : 4568003-4568008</description>
					<styleUrl>#m_kabel_417</styleUrl>
					<LineString>
						<tessellate>1</tessellate>
						<coordinates>
							112.757924156427,-7.316169185964,0 112.757875737233,-7.316144432349001,0 112.757829024838,-7.316241212723,0 112.757734701733,-7.316134691757,0 112.757562584525,-7.316036392192999,0 112.757526741745,-7.316208505784,0 112.757526741745,-7.316421547678,0 112.757487844693,-7.31692153458,0 
						</coordinates>
					</LineString>
				</Placemark>
				<Placemark>
					<name>DS-RKT-FE-53-01-03/02-02</name>
					<visibility>0</visibility>
					<description>Spec Id : AC-OF-SM-24-SC
Network Type : Distribution
Fiber Length : 307.648 m
Construction Status : In Service
Witel : SURABAYA SELATAN
Sto : RKT
Jumlah HP : 218
Project Id : 4568003-4568008</description>
					<styleUrl>#m_kabel_417</styleUrl>
					<LineString>
						<tessellate>1</tessellate>
						<coordinates>
							112.757487844693,-7.31692153458,0 112.757467363105,-7.317187926036,0 112.757426399928,-7.317483002927,0 112.757356690662,-7.317790322427001,0 112.757360822912,-7.318032138722,0 112.757323902154,-7.318355900764,0 112.757012456245,-7.318347679372999,0 112.75661953314,-7.31832819824,0 112.756641721527,-7.318382709648,0 112.756205319962,-7.31834678574,0 
						</coordinates>
					</LineString>
				</Placemark>
				<Placemark>
					<name>DS-RKT-FE-53-01-03/02-03</name>
					<visibility>0</visibility>
					<description>Spec Id : AC-OF-SM-24-SC
Network Type : Distribution
Fiber Length : 137.027 m
Construction Status : In Service
Witel : SURABAYA SELATAN
Sto : RKT
Jumlah HP : 140
Project Id : 4568003-4568008</description>
					<styleUrl>#m_kabel_417</styleUrl>
					<LineString>
						<tessellate>1</tessellate>
						<coordinates>
							112.756205319962,-7.31834678574,0 112.75576200137,-7.318297814844,0 112.755315987831,-7.318252775912,0 112.755028167614,-7.318224269127,0 
						</coordinates>
					</LineString>
				</Placemark>
				<Placemark>
					<name>DS-RKT-FE-53-01-03/02-04</name>
					<visibility>0</visibility>
					<description>Spec Id : AC-OF-SM-24-SC
Network Type : Distribution
Fiber Length : 113.732 m
Construction Status : In Service
Witel : SURABAYA SELATAN
Sto : RKT
Jumlah HP : 103
Project Id : 4568003-4568008</description>
					<styleUrl>#m_kabel_417</styleUrl>
					<LineString>
						<tessellate>1</tessellate>
						<coordinates>
							112.755028167614,-7.318224269127,0 112.754790563221,-7.318200319851,0 112.754540651909,-7.318177442931,0 112.754562750465,-7.317687912396,0 
						</coordinates>
					</LineString>
				</Placemark>
				<Placemark>
					<name>DS-RKT-FE-53-01-03/02-05</name>
					<visibility>0</visibility>
					<description>Spec Id : AC-OF-SM-24-SC
Network Type : Distribution
Fiber Length : 251.706 m
Construction Status : In Service
Witel : SURABAYA SELATAN
Sto : RKT
Jumlah HP : 211
Project Id : 4568003-4568008</description>
					<styleUrl>#m_kabel_417</styleUrl>
					<LineString>
						<tessellate>1</tessellate>
						<coordinates>
							112.754562750465,-7.317687912396,0 112.755038138914,-7.317724819329,0 112.755841412441,-7.317806765223,0 112.756275837712,-7.317851804183001,0 112.756726612322,-7.3178969325,0 
						</coordinates>
					</LineString>
				</Placemark>
				<Placemark>
					<name>DS-RKT-FE-53-01-03/02-06</name>
					<visibility>0</visibility>
					<description>Spec Id : AC-OF-SM-24-SC
Network Type : Distribution
Fiber Length : 95.751 m
Construction Status : In Service
Witel : SURABAYA SELATAN
Sto : RKT
Jumlah HP : 147
Project Id : 4568003-4568008</description>
					<styleUrl>#m_kabel_417</styleUrl>
					<LineString>
						<tessellate>1</tessellate>
						<coordinates>
							112.756726612322,-7.3178969325,0 112.756796231756,-7.317454317383,0 112.756423341082,-7.317401056995,0 
						</coordinates>
					</LineString>
				</Placemark>
				<Placemark>
					<name>DS-RKT-FE-53-01-03/02-07</name>
					<visibility>0</visibility>
					<description>Spec Id : AC-OF-SM-24-SC
Network Type : Distribution
Fiber Length : 189.731 m
Construction Status : In Service
Witel : SURABAYA SELATAN
Sto : RKT
Jumlah HP : 234
Project Id : 4568003-4568008</description>
					<styleUrl>#m_kabel_417</styleUrl>
					<LineString>
						<tessellate>1</tessellate>
						<coordinates>
							112.756423341082,-7.317401056995,0 112.756074974415,-7.317360039343,0 112.755755353836,-7.31735181794,0 112.75540294475,-7.317294446842001,0 112.755152943607,-7.317290336140001,0 112.754796402271,-7.31723296503,0 
						</coordinates>
					</LineString>
				</Placemark>
				<Placemark>
					<name>DS-RKT-FE-53-01-03/02-08</name>
					<visibility>0</visibility>
					<description>Spec Id : AC-OF-SM-24-SC
Network Type : Distribution
Fiber Length : 135.719 m
Construction Status : In Service
Witel : SURABAYA SELATAN
Sto : RKT
Jumlah HP : 175
Project Id : 4568003-4568008</description>
					<styleUrl>#m_kabel_417</styleUrl>
					<LineString>
						<tessellate>1</tessellate>
						<coordinates>
							112.754796402271,-7.31723296503,0 112.75509140901,-7.31698301642,0 112.75524717688,-7.316839588589,0 112.755816798602,-7.316896959725,0 
						</coordinates>
					</LineString>
				</Placemark>
				<Placemark>
					<name>DS-RKT-FE-53-01-03/02-09</name>
					<visibility>0</visibility>
					<description>Spec Id : AC-OF-SM-24-SC
Network Type : Distribution
Fiber Length : 128.755 m
Construction Status : In Service
Witel : SURABAYA SELATAN
Sto : RKT
Jumlah HP : 163
Project Id : 4568003-4568008</description>
					<styleUrl>#m_kabel_417</styleUrl>
					<LineString>
						<tessellate>1</tessellate>
						<coordinates>
							112.755816798602,-7.316896959725,0 112.756050450407,-7.316913313179,0 112.756431515751,-7.316946109448,0 112.756615939879,-7.316974795009999,0 112.756923343369,-7.317003480575001,0 
						</coordinates>
					</LineString>
				</Placemark>
				<Placemark>
					<name>DS-RKT-FE-53-01-03/02-10</name>
					<visibility>0</visibility>
					<description>Spec Id : AC-OF-SM-24-SC
Network Type : Distribution
Fiber Length : 54.192 m
Construction Status : In Service
Witel : SURABAYA SELATAN
Sto : RKT
Jumlah HP : 108
Project Id : 4568003-4568008</description>
					<styleUrl>#m_kabel_417</styleUrl>
					<LineString>
						<tessellate>1</tessellate>
						<coordinates>
							112.756923343369,-7.317003480575001,0 112.756972481215,-7.316540400719999,0 
						</coordinates>
					</LineString>
				</Placemark>
				<Placemark>
					<name>DS-RKT-FE-53-01-03/02-11</name>
					<visibility>0</visibility>
					<description>Spec Id : AC-OF-SM-24-SC
Network Type : Distribution
Fiber Length : 145.639 m
Construction Status : In Service
Witel : SURABAYA SELATAN
Sto : RKT
Jumlah HP : 164
Project Id : 4568003-4568008</description>
					<styleUrl>#m_kabel_417</styleUrl>
					<LineString>
						<tessellate>1</tessellate>
						<coordinates>
							112.756972481215,-7.316540400719999,0 112.75674709391,-7.316540400719999,0 112.75643969042,-7.31649947238,0 112.756070931996,-7.316478918848,0 112.755722565329,-7.316421547678,0 
						</coordinates>
					</LineString>
				</Placemark>
				<Placemark>
					<name>DS-RKT-FE-53-01-03/02-12</name>
					<visibility>0</visibility>
					<description>Spec Id : AC-OF-SM-24-SC
Network Type : Distribution
Fiber Length : 178.395 m
Construction Status : In Service
Witel : SURABAYA SELATAN
Sto : RKT
Jumlah HP : 175
Project Id : 4568003-4568008</description>
					<styleUrl>#m_kabel_417</styleUrl>
					<LineString>
						<tessellate>1</tessellate>
						<coordinates>
							112.755722565329,-7.316421547678,0 112.755906989456,-7.316237191377999,0 112.756087281334,-7.316110116866999,0 112.756300361719,-7.315913428355,0 112.756628246798,-7.316093763394,0 112.756988920385,-7.316249434139,0 
						</coordinates>
					</LineString>
				</Placemark>
			</Folder>
			<Folder>
				<name>D.03</name>
				<visibility>0</visibility>
				<Placemark>
					<name>DS-RKT-FE-53-01-03/03-01</name>
					<visibility>0</visibility>
					<description>Spec Id : AC-OF-SM-24-SC
Network Type : Distribution
Fiber Length : 175.604 m
Construction Status : In Service
Witel : SURABAYA SELATAN
Sto : RKT
Jumlah HP : 124
Project Id : 4568003-4568008</description>
					<styleUrl>#m_kabel_419</styleUrl>
					<LineString>
						<tessellate>1</tessellate>
						<coordinates>
							112.757924156427,-7.316169185964,0 112.757875737233,-7.316144432349001,0 112.757903944333,-7.316023077069,0 112.757827587534,-7.315982506153001,0 112.7574727748423,-7.315817097555439,0 112.7570706272925,-7.315570693119687,0 112.7567795811218,-7.315379814179523,0 
						</coordinates>
					</LineString>
				</Placemark>
				<Placemark>
					<name>DS-RKT-FE-53-01-03/03-02</name>
					<visibility>0</visibility>
					<description>Spec Id : AC-OF-SM-24-SC
Network Type : Distribution
Fiber Length : 125.787 m
Construction Status : In Service
Witel : SURABAYA SELATAN
Sto : RKT
Jumlah HP : 107
Project Id : 4568003-4568008</description>
					<styleUrl>#m_kabel_414</styleUrl>
					<LineString>
						<tessellate>1</tessellate>
						<coordinates>
							112.7568035966135,-7.315393387733253,0 112.756515957387,-7.315275731826,0 112.756358033561,-7.315151874221,0 112.756537157628,-7.314967606949,0 112.7567831272747,-7.314693420342361,0 
						</coordinates>
					</LineString>
				</Placemark>
				<Placemark>
					<name>DS-RKT-FE-53-01-03/03-03</name>
					<visibility>0</visibility>
					<description>Spec Id : AC-OF-SM-24-SC
Network Type : Distribution
Fiber Length : 127.857 m
Construction Status : In Service
Witel : SURABAYA SELATAN
Sto : RKT
Jumlah HP : 100
Project Id : 4568003-4568008</description>
					<styleUrl>#m_kabel_418</styleUrl>
					<LineString>
						<tessellate>1</tessellate>
						<coordinates>
							112.756800902996,-7.314686827143,0 112.756925858652,-7.314553765,0 112.757314469844,-7.314133935451,0 112.757566806607,-7.313896049802,0 
						</coordinates>
					</LineString>
				</Placemark>
				<Placemark>
					<name>DS-RKT-FE-53-01-03/03-04</name>
					<visibility>0</visibility>
					<description>Spec Id : AC-OF-SM-24-SC
Network Type : Distribution
Fiber Length : 206.789 m
Construction Status : In Service
Witel : SURABAYA SELATAN
Sto : RKT
Jumlah HP : 113
Project Id : 4568003-4568008</description>
					<styleUrl>#m_kabel_418</styleUrl>
					<LineString>
						<tessellate>1</tessellate>
						<coordinates>
							112.757566806607,-7.313896049802,0 112.757614956306,-7.313850653132,0 112.75776389698,-7.313644670174,0 112.757845913166,-7.313550659710999,0 112.757964221289,-7.313415095171001,0 112.758077678509,-7.313293739416999,0 112.757841780915,-7.313134850923,0 112.757503116053,-7.313131991287,0 112.757352288917,-7.313157638644999,0 112.757204246558,-7.313314114317,0 
						</coordinates>
					</LineString>
				</Placemark>
				<Placemark>
					<name>DS-RKT-FE-53-01-03/03-05</name>
					<visibility>0</visibility>
					<description>Spec Id : AC-OF-SM-24-SC
Network Type : Distribution
Fiber Length : 142.889 m
Construction Status : In Service
Witel : SURABAYA SELATAN
Sto : RKT
Jumlah HP : 101
Project Id : 4568003-4568008</description>
					<styleUrl>#m_kabel_418</styleUrl>
					<LineString>
						<tessellate>1</tessellate>
						<coordinates>
							112.757204246558,-7.313314114317,0 112.75696807947,-7.313573089965,0 112.75667774397,-7.313897568981,0 112.756370430311,-7.314219188215,0 
						</coordinates>
					</LineString>
				</Placemark>
				<Placemark>
					<name>DS-RKT-FE-53-01-03/03-06</name>
					<visibility>0</visibility>
					<description>Spec Id : AC-OF-SM-24-SC
Network Type : Distribution
Fiber Length : 114.956 m
Construction Status : In Service
Witel : SURABAYA SELATAN
Sto : RKT
Jumlah HP : 108
Project Id : 4568003-4568008</description>
					<styleUrl>#m_kabel_418</styleUrl>
					<LineString>
						<tessellate>1</tessellate>
						<coordinates>
							112.756370430311,-7.314219188215,0 112.755904923331,-7.314750185804,0 112.755696334522,-7.314557428900999,0 
						</coordinates>
					</LineString>
				</Placemark>
				<Placemark>
					<name>DS-RKT-FE-53-01-03/03-07</name>
					<visibility>0</visibility>
					<description>Spec Id : AC-OF-SM-24-SC
Network Type : Distribution
Fiber Length : 176.961 m
Construction Status : In Service
Witel : SURABAYA SELATAN
Sto : RKT
Jumlah HP : 262
Project Id : 4568003-4568008</description>
					<styleUrl>#m_kabel_418</styleUrl>
					<LineString>
						<tessellate>1</tessellate>
						<coordinates>
							112.755696334522,-7.314557428900999,0 112.755447141862,-7.314327228653001,0 112.755790298301,-7.313943680556,0 112.755816169781,-7.313917228955,0 112.756115129108,-7.313611426931999,0 112.756189240119,-7.313514646194001,0 112.756240174595,-7.313448070332,0 
						</coordinates>
					</LineString>
				</Placemark>
				<Placemark>
					<name>DS-RKT-FE-53-01-03/03-08</name>
					<visibility>0</visibility>
					<description>Spec Id : AC-OF-SM-24-SC
Network Type : Distribution
Fiber Length : 179.191 m
Construction Status : In Service
Witel : SURABAYA SELATAN
Sto : RKT
Jumlah HP : 181
Project Id : 4568003-4568008</description>
					<styleUrl>#m_kabel_418</styleUrl>
					<LineString>
						<tessellate>1</tessellate>
						<coordinates>
							112.756240174595,-7.313448070332,0 112.756367196376,-7.313282211512999,0 112.756490175739,-7.313143072376,0 112.756877259795,-7.312705279882,0 112.756913731395,-7.312653895768999,0 112.757376992587,-7.312651125495,0 112.757416338797,-7.312650857404,0 
						</coordinates>
					</LineString>
				</Placemark>
				<Placemark>
					<name>DS-RKT-FE-53-01-03/03-09</name>
					<visibility>0</visibility>
					<description>Spec Id : AC-OF-SM-24-SC
Network Type : Distribution
Fiber Length : 129.809 m
Construction Status : In Service
Witel : SURABAYA SELATAN
Sto : RKT
Jumlah HP : 98
Project Id : 4568003-4568008</description>
					<styleUrl>#m_kabel_418</styleUrl>
					<LineString>
						<tessellate>1</tessellate>
						<coordinates>
							112.757416338797,-7.312650857404,0 112.757903495175,-7.312647908402,0 112.758537526103,-7.312655772405999,0 
						</coordinates>
					</LineString>
				</Placemark>
			</Folder>
			<Folder>
				<name>D.04</name>
				<visibility>0</visibility>
				<Placemark>
					<name>DS-RKT-FE-53-01-03/04-01</name>
					<visibility>0</visibility>
					<description>Spec Id : AC-OF-SM-24-SC
Network Type : Distribution
Fiber Length : 46.704 m
Construction Status : In Service
Witel : SURABAYA SELATAN
Sto : RKT
Jumlah HP : 75
Project Id : 4568003-4568008</description>
					<styleUrl>#m_kabel_4112</styleUrl>
					<LineString>
						<tessellate>1</tessellate>
						<coordinates>
							112.757924156427,-7.316169185964,0 112.757875737233,-7.316144432349001,0 112.757903944333,-7.316023077069,0 112.758101394032,-7.316127810788,0 
						</coordinates>
					</LineString>
				</Placemark>
				<Placemark>
					<name>DS-RKT-FE-53-01-03/04-02</name>
					<visibility>0</visibility>
					<description>Spec Id : AC-OF-SM-24-SC
Network Type : Distribution
Fiber Length : 171.102 m
Construction Status : In Service
Witel : SURABAYA SELATAN
Sto : RKT
Jumlah HP : 74
Project Id : 4568003-4568008</description>
					<styleUrl>#m_kabel_4112</styleUrl>
					<LineString>
						<tessellate>1</tessellate>
						<coordinates>
							112.758101394032,-7.316127810788,0 112.758565194214,-7.316374006456,0 112.758899367499,-7.316567030948,0 112.759047948847,-7.316301443531,0 112.759180989341,-7.316078929097,0 
						</coordinates>
					</LineString>
				</Placemark>
				<Placemark>
					<name>DS-RKT-FE-53-01-03/04-03</name>
					<visibility>0</visibility>
					<description>Spec Id : AC-OF-SM-24-SC
Network Type : Distribution
Fiber Length : 131.448 m
Construction Status : In Service
Witel : SURABAYA SELATAN
Sto : RKT
Jumlah HP : 64
Project Id : 4568003-4568008</description>
					<styleUrl>#m_kabel_4112</styleUrl>
					<LineString>
						<tessellate>1</tessellate>
						<coordinates>
							112.759180989341,-7.316078929097,0 112.759391105286,-7.315727552744999,0 112.759551993553,-7.315422555784,0 112.759764534949,-7.315111392618,0 
						</coordinates>
					</LineString>
				</Placemark>
				<Placemark>
					<name>DS-RKT-FE-53-01-03/04-04</name>
					<visibility>0</visibility>
					<description>Spec Id : AC-OF-SM-24-SC
Network Type : Distribution
Fiber Length : 88.253 m
Construction Status : In Service
Witel : SURABAYA SELATAN
Sto : RKT
Jumlah HP : 84
Project Id : 4568003-4568008</description>
					<styleUrl>#m_kabel_4112</styleUrl>
					<LineString>
						<tessellate>1</tessellate>
						<coordinates>
							112.759764534949,-7.315111392618,0 112.759384996742,-7.314893971518,0 112.759094391747,-7.314750721984999,0 
						</coordinates>
					</LineString>
				</Placemark>
				<Placemark>
					<name>DS-RKT-FE-53-01-03/04-05</name>
					<visibility>0</visibility>
					<description>Spec Id : AC-OF-SM-24-SC
Network Type : Distribution
Fiber Length : 135.718 m
Construction Status : In Service
Witel : SURABAYA SELATAN
Sto : RKT
Jumlah HP : 101
Project Id : 4568003-4568008</description>
					<styleUrl>#m_kabel_4112</styleUrl>
					<LineString>
						<tessellate>1</tessellate>
						<coordinates>
							112.759094391747,-7.314750721984999,0 112.75870488224,-7.314558679989,0 112.758383015874,-7.3143955917,0 112.758052076523,-7.314217311582,0 
						</coordinates>
					</LineString>
				</Placemark>
				<Placemark>
					<name>DS-RKT-FE-53-01-03/04-06</name>
					<visibility>0</visibility>
					<description>Spec Id : AC-OF-SM-24-SC
Network Type : Distribution
Fiber Length : 66.275 m
Construction Status : In Service
Witel : SURABAYA SELATAN
Sto : RKT
Jumlah HP : 77
Project Id : 4568003-4568008</description>
					<styleUrl>#m_kabel_4112</styleUrl>
					<LineString>
						<tessellate>1</tessellate>
						<coordinates>
							112.758052076523,-7.314217311582,0 112.757800009255,-7.314507296011,0 112.757757159616,-7.314605685153999,0 112.757725628749,-7.314678069528,0 
						</coordinates>
					</LineString>
				</Placemark>
				<Placemark>
					<name>DS-RKT-FE-53-01-03/04-07</name>
					<visibility>0</visibility>
					<description>Spec Id : AC-OF-SM-24-SC
Network Type : Distribution
Fiber Length : 130.175 m
Construction Status : In Service
Witel : SURABAYA SELATAN
Sto : RKT
Jumlah HP : 88
Project Id : 4568003-4568008</description>
					<styleUrl>#m_kabel_4112</styleUrl>
					<LineString>
						<tessellate>1</tessellate>
						<coordinates>
							112.757725628749,-7.314678069528,0 112.757642175259,-7.314869754038,0 112.757335490421,-7.315180917312,0 112.7576816113,-7.315386274273001,0 112.757747008653,-7.315419338704,0 
						</coordinates>
					</LineString>
				</Placemark>
				<Placemark>
					<name>DS-RKT-FE-53-01-03/04-08</name>
					<visibility>0</visibility>
					<description>Spec Id : AC-OF-SM-24-SC
Network Type : Distribution
Fiber Length : 96.872 m
Construction Status : In Service
Witel : SURABAYA SELATAN
Sto : RKT
Jumlah HP : 75
Project Id : 4568003-4568008</description>
					<styleUrl>#m_kabel_4112</styleUrl>
					<LineString>
						<tessellate>1</tessellate>
						<coordinates>
							112.757747008653,-7.315419338704,0 112.758130319785,-7.315612989,0 112.758261563648,-7.315679296569001,0 112.758329925441,-7.315708965181,0 112.758471499929,-7.315770357758,0 112.758498718883,-7.315784298429,0 
						</coordinates>
					</LineString>
				</Placemark>
				<Placemark>
					<name>DS-RKT-FE-53-01-03/04-09</name>
					<visibility>0</visibility>
					<description>Spec Id : AC-OF-SM-24-SC
Network Type : Distribution
Fiber Length : 123.734 m
Construction Status : In Service
Witel : SURABAYA SELATAN
Sto : RKT
Jumlah HP : 84
Project Id : 4568003-4568008</description>
					<styleUrl>#m_kabel_4112</styleUrl>
					<LineString>
						<tessellate>1</tessellate>
						<coordinates>
							112.758498718883,-7.315784298429,0 112.758663290243,-7.315868657359,0 112.758850588979,-7.315567503082001,0 112.758990277006,-7.315334890357,0 112.759160058595,-7.315145261332,0 
						</coordinates>
					</LineString>
				</Placemark>
			</Folder>
			<Folder>
				<name>D.05</name>
				<visibility>0</visibility>
				<Placemark>
					<name>AC-OF-SM-24-SC-739M</name>
					<visibility>0</visibility>
					<description>AC-OF-SM-24-SC-740M</description>
					<styleUrl>#msn_ylw-pushpin00</styleUrl>
					<LineString>
						<tessellate>1</tessellate>
						<coordinates>
							112.7578514264983,-7.316173208720718,0 112.7578150177794,-7.316241240344252,0 112.7580530112203,-7.316637629987839,0 112.7587223748655,-7.316977328712462,0 112.7595875087814,-7.316768628819149,0 112.7597656717555,-7.316706941204546,0 112.7597901411122,-7.316538179935986,0 112.7598047484377,-7.316475912535731,0 112.7598914403678,-7.316484804591019,0 112.7598830967924,-7.316576669163692,0 112.7598988329672,-7.316604142418914,0 112.7599412947468,-7.316610077516152,0 112.75997192938,-7.316594382150035,0 112.7600386665666,-7.31662012389324,0 112.7600805350325,-7.316594251420309,0 112.760227320963,-7.31662355806531,0 112.7602405811316,-7.316575148725801,0 112.7606286165789,-7.316645710975112,0 112.7606988559948,-7.316589784808468,0 112.7607580524166,-7.316301480434781,0 112.7606893686211,-7.316239443833705,0 112.7603079883907,-7.316177843613966,0 112.76031817642,-7.316129262368468,0 112.7601663301745,-7.316099624754628,0 112.7601451171525,-7.316067742698759,0 112.7602133858094,-7.315735825189918,0 112.7603854747216,-7.315766012746083,0 112.7604036512256,-7.315695379575208,0 112.7608010245116,-7.315772963505156,0 112.7608613703693,-7.315722453876198,0 112.7609229194813,-7.315448362999475,0 112.760872595375,-7.315398136500503,0 112.7604010175783,-7.315320339526031,0 112.7604170502008,-7.31523928593731,0 
						</coordinates>
					</LineString>
				</Placemark>
				<Placemark>
					<name>AC-OF-SM-12SC-85M</name>
					<visibility>0</visibility>
					<description>AC-OF-SM-12SC-85M</description>
					<styleUrl>#msn_ylw-pushpin00</styleUrl>
					<LineString>
						<tessellate>1</tessellate>
						<coordinates>
							112.7584428986429,-7.316822674259601,0 112.7584310089086,-7.31692191633773,0 112.7580532151649,-7.316944039991012,0 112.7579949768279,-7.316949602172831,0 112.7579712663236,-7.316996133797373,0 112.757900970695,-7.316985303310007,0 112.7579086210501,-7.316874315255377,0 
						</coordinates>
					</LineString>
				</Placemark>
				<Placemark>
					<name>AC-OF-SM-12SC-74M</name>
					<visibility>0</visibility>
					<description>AC-OF-SM-12SC-77M</description>
					<styleUrl>#msn_ylw-pushpin00</styleUrl>
					<LineString>
						<tessellate>1</tessellate>
						<coordinates>
							112.7603070396888,-7.316175110316381,0 112.7607415581922,-7.316252163803172,0 112.760891023214,-7.316277740251365,0 112.7608704751147,-7.316377842200096,0 
						</coordinates>
					</LineString>
				</Placemark>
				<Placemark>
					<name>DS-RKT-FE-53-01-03/05-01 (01-24)</name>
					<visibility>0</visibility>
					<description>DC-OF-SM-24-SC-56M</description>
					<styleUrl>#msn_ylw-pushpin00</styleUrl>
					<LineString>
						<tessellate>1</tessellate>
						<coordinates>
							112.7579089124359,-7.316187708814087,0 112.7578454276915,-7.316303733331672,0 112.7579962179063,-7.316637605533692,0 
						</coordinates>
					</LineString>
				</Placemark>
				<Placemark>
					<name>DS-RKT-FE-53-01-03/05-02 (01-23)</name>
					<visibility>0</visibility>
					<description>DC-OF-SM-24-SC-52M</description>
					<styleUrl>#msn_ylw-pushpin00</styleUrl>
					<LineString>
						<tessellate>1</tessellate>
						<coordinates>
							112.7579962228141,-7.316636850011376,0 112.758432405821,-7.316872235142556,0 
						</coordinates>
					</LineString>
				</Placemark>
				<Placemark>
					<name>DS-RKT-FE-53-01-03/05-02-01 (21-22)</name>
					<visibility>0</visibility>
					<description>DC-OF-SM-12-SC-24M</description>
					<styleUrl>#msn_ylw-pushpin00</styleUrl>
					<LineString>
						<tessellate>1</tessellate>
						<coordinates>
							112.7584385371525,-7.316839005080618,0 112.7584123461077,-7.316913907828133,0 112.7582918105866,-7.316931962494394,0 
						</coordinates>
					</LineString>
				</Placemark>
				<Placemark>
					<name>DS-RKT-FE-53-01-03/05-02-02 (21)</name>
					<visibility>0</visibility>
					<description>DC-OF-SM-12-SC-45M</description>
					<styleUrl>#msn_ylw-pushpin00</styleUrl>
					<LineString>
						<tessellate>1</tessellate>
						<coordinates>
							112.7582925350968,-7.316932714464905,0 112.7579857828072,-7.316947440923814,0 112.7579132048884,-7.316874690075233,0 
						</coordinates>
					</LineString>
				</Placemark>
				<Placemark>
					<name>DS-RKT-FE-53-01-03/05-03 (01-20)</name>
					<visibility>0</visibility>
					<description>DC-OF-SM-24-SC-55M</description>
					<styleUrl>#msn_ylw-pushpin00</styleUrl>
					<LineString>
						<tessellate>1</tessellate>
						<coordinates>
							112.7584330697022,-7.316872996547112,0 112.7586110326438,-7.316947916346145,0 112.758761345337,-7.316983276550459,0 112.7589034237131,-7.31694267876783,0 
						</coordinates>
					</LineString>
				</Placemark>
				<Placemark>
					<name>DS-RKT-FE-53-01-03/05-04 (01-19)</name>
					<visibility>0</visibility>
					<description>DC-OF-SM-24-SC-63M</description>
					<styleUrl>#msn_ylw-pushpin00</styleUrl>
					<LineString>
						<tessellate>1</tessellate>
						<coordinates>
							112.7589034237131,-7.31694267876783,0 112.759456818404,-7.316799173795588,0 
						</coordinates>
					</LineString>
				</Placemark>
				<Placemark>
					<name>DS-RKT-FE-53-01-03/05-05 (01-18)</name>
					<visibility>0</visibility>
					<description>DC-OF-SM-24-SC-99M</description>
					<styleUrl>#msn_ylw-pushpin00</styleUrl>
					<LineString>
						<tessellate>1</tessellate>
						<coordinates>
							112.7594528298948,-7.316800689576939,0 112.7597591093495,-7.316717614453421,0 112.7597899635872,-7.3165782692499,0 112.7598733385357,-7.316587998043541,0 112.7599174921053,-7.316613074203804,0 112.7599828100875,-7.316587076831408,0 112.760210406176,-7.316621482629605,0 
						</coordinates>
					</LineString>
				</Placemark>
				<Placemark>
					<name>DS-RKT-FE-53-01-03/05-06 (01-17)</name>
					<visibility>0</visibility>
					<description>DC-OF-SM-24-SC-9M</description>
					<styleUrl>#msn_ylw-pushpin00</styleUrl>
					<LineString>
						<tessellate>1</tessellate>
						<coordinates>
							112.7602109013092,-7.316617983810246,0 112.7602278866309,-7.31654476543228,0 
						</coordinates>
					</LineString>
				</Placemark>
				<Placemark>
					<name>DS-RKT-FE-53-01-03/05-07 (01-16)</name>
					<visibility>0</visibility>
					<description>DC-OF-SM-24-SC-144M</description>
					<styleUrl>#msn_ylw-pushpin00</styleUrl>
					<LineString>
						<tessellate>1</tessellate>
						<coordinates>
							112.7602265496953,-7.316544755251909,0 112.7606675818278,-7.316631309564493,0 112.7607019716117,-7.31658718742195,0 112.7607662779656,-7.316284437554283,0 112.7607552487828,-7.316256215922642,0 112.7603004806651,-7.316188799350046,0 
						</coordinates>
					</LineString>
				</Placemark>
				<Placemark>
					<name>DS-RKT-FE-53-01-03/05-07-01 (15)</name>
					<visibility>0</visibility>
					<description>DC-OF-SM-12-SC-75M</description>
					<styleUrl>#msn_ylw-pushpin00</styleUrl>
					<LineString>
						<tessellate>1</tessellate>
						<coordinates>
							112.7603014371298,-7.316186212277995,0 112.7608892400968,-7.31628187608654,0 112.7608674166745,-7.316366431140683,0 
						</coordinates>
					</LineString>
				</Placemark>
				<Placemark>
					<name>DS-RKT-FE-53-01-03/05-08 (01-14)</name>
					<visibility>0</visibility>
					<description>DC-OF-SM-24-SC-9M</description>
					<styleUrl>#msn_ylw-pushpin00</styleUrl>
					<LineString>
						<tessellate>1</tessellate>
						<coordinates>
							112.7603009599567,-7.316185996878972,0 112.7603051559556,-7.31612887326771,0 
						</coordinates>
					</LineString>
				</Placemark>
				<Placemark>
					<name>DS-RKT-FE-53-01-03/05-09 (01-13)</name>
					<visibility>0</visibility>
					<description>DC-OF-SM-24-SC-143M</description>
					<styleUrl>#msn_ylw-pushpin00</styleUrl>
					<LineString>
						<tessellate>1</tessellate>
						<coordinates>
							112.7603044984288,-7.316130303757118,0 112.7601545546681,-7.316110937269442,0 112.7601303426156,-7.316083473127598,0 112.7601842949454,-7.315758682693643,0 112.7602292720365,-7.315745160803683,0 112.7603885790225,-7.315762800935466,0 
						</coordinates>
					</LineString>
				</Placemark>
				<Placemark>
					<name>DS-RKT-FE-53-01-03/05-10 (01-12)</name>
					<visibility>0</visibility>
					<description>DC-OF-SM-24-SC-9M</description>
					<styleUrl>#msn_ylw-pushpin00</styleUrl>
					<LineString>
						<tessellate>1</tessellate>
						<coordinates>
							112.7603837846512,-7.315760482807671,0 112.7604011532387,-7.315699030780604,0 
						</coordinates>
					</LineString>
				</Placemark>
				<Placemark>
					<name>DS-RKT-FE-53-01-03/05-11 (01-11)</name>
					<visibility>0</visibility>
					<description>DC-OF-SM-24-SC-147M</description>
					<styleUrl>#msn_ylw-pushpin00</styleUrl>
					<LineString>
						<tessellate>1</tessellate>
						<coordinates>
							112.760401403085,-7.315701285570269,0 112.760837733732,-7.315763202797569,0 112.7608708178166,-7.315718336569689,0 112.7609273792272,-7.315447082388407,0 112.7608878426068,-7.315391661126326,0 112.7604041659197,-7.315319215606978,0 
						</coordinates>
					</LineString>
				</Placemark>
				<Placemark>
					<name>DS-RKT-FE-53-01-03/05-12 (01-10)</name>
					<visibility>0</visibility>
					<description>DC-OF-SM-24-SC-9M</description>
					<styleUrl>#msn_ylw-pushpin00</styleUrl>
					<LineString>
						<tessellate>1</tessellate>
						<coordinates>
							112.7604017680359,-7.315313815034306,0 112.7604197717765,-7.315238810612569,0 
						</coordinates>
					</LineString>
				</Placemark>
			</Folder>
		</Folder>
		<Folder>
			<name>TIANG</name>
			<visibility>0</visibility>
			<Folder>
				<name>TE</name>
				<visibility>0</visibility>
				<Placemark>
					<name>TE</name>
					<visibility>0</visibility>
					<LookAt>
						<longitude>112.7589075259045</longitude>
						<latitude>-7.314848232246016</latitude>
						<altitude>0</altitude>
						<heading>-64.03392042368213</heading>
						<tilt>45.28173466892683</tilt>
						<range>234.5033232497873</range>
						<gx:altitudeMode>relativeToSeaFloor</gx:altitudeMode>
					</LookAt>
					<styleUrl>#myicon_12131002010011956</styleUrl>
					<Point>
						<gx:drawOrder>1</gx:drawOrder>
						<coordinates>112.7591552653165,-7.315128645907884,0</coordinates>
					</Point>
				</Placemark>
				<Placemark>
					<name>TE</name>
					<visibility>0</visibility>
					<LookAt>
						<longitude>112.7586636651303</longitude>
						<latitude>-7.315610731836345</latitude>
						<altitude>0</altitude>
						<heading>1.192708005548819e-15</heading>
						<tilt>0</tilt>
						<range>265.478262779764</range>
						<gx:altitudeMode>relativeToSeaFloor</gx:altitudeMode>
					</LookAt>
					<styleUrl>#myicon_12131002010011956</styleUrl>
					<Point>
						<gx:drawOrder>1</gx:drawOrder>
						<coordinates>112.7589867015291,-7.31540784855056,0</coordinates>
					</Point>
				</Placemark>
				<Placemark>
					<name>TE</name>
					<visibility>0</visibility>
					<LookAt>
						<longitude>112.7586636651303</longitude>
						<latitude>-7.315610731836345</latitude>
						<altitude>0</altitude>
						<heading>1.192708005548819e-15</heading>
						<tilt>0</tilt>
						<range>265.478262779764</range>
						<gx:altitudeMode>relativeToSeaFloor</gx:altitudeMode>
					</LookAt>
					<styleUrl>#myicon_12131002010011956</styleUrl>
					<Point>
						<gx:drawOrder>1</gx:drawOrder>
						<coordinates>112.7588869219563,-7.315581041571061,0</coordinates>
					</Point>
				</Placemark>
				<Placemark>
					<name>TE</name>
					<visibility>0</visibility>
					<LookAt>
						<longitude>112.7586636651303</longitude>
						<latitude>-7.315610731836345</latitude>
						<altitude>0</altitude>
						<heading>1.192708005548819e-15</heading>
						<tilt>0</tilt>
						<range>265.478262779764</range>
						<gx:altitudeMode>relativeToSeaFloor</gx:altitudeMode>
					</LookAt>
					<styleUrl>#myicon_12131002010011956</styleUrl>
					<Point>
						<gx:drawOrder>1</gx:drawOrder>
						<coordinates>112.7587372526149,-7.315821037479262,0</coordinates>
					</Point>
				</Placemark>
				<Placemark>
					<name>TE</name>
					<visibility>0</visibility>
					<LookAt>
						<gx:TimeStamp><when>2015-04-11T08:07:03Z</when>
</gx:TimeStamp>
						<longitude>112.7585009797953</longitude>
						<latitude>-7.315521459697716</latitude>
						<altitude>0</altitude>
						<heading>-16.89094647483075</heading>
						<tilt>25.35053266782504</tilt>
						<range>149.0681074549488</range>
						<gx:altitudeMode>relativeToSeaFloor</gx:altitudeMode>
					</LookAt>
					<styleUrl>#myicon_12131002010011956</styleUrl>
					<Point>
						<gx:drawOrder>1</gx:drawOrder>
						<coordinates>112.7584597213848,-7.315735217460533,0</coordinates>
					</Point>
				</Placemark>
				<Placemark>
					<name>TE</name>
					<visibility>0</visibility>
					<LookAt>
						<gx:TimeStamp><when>2015-04-11T08:07:03Z</when>
</gx:TimeStamp>
						<longitude>112.7582817180162</longitude>
						<latitude>-7.31526643409623</latitude>
						<altitude>0</altitude>
						<heading>-16.89091855337838</heading>
						<tilt>25.35053266782504</tilt>
						<range>149.068107454905</range>
						<gx:altitudeMode>relativeToSeaFloor</gx:altitudeMode>
					</LookAt>
					<styleUrl>#myicon_12131002010011956</styleUrl>
					<Point>
						<gx:drawOrder>1</gx:drawOrder>
						<coordinates>112.7580478598082,-7.315487703642964,0</coordinates>
					</Point>
				</Placemark>
				<Placemark>
					<name>TE</name>
					<visibility>0</visibility>
					<LookAt>
						<longitude>112.7574887605043</longitude>
						<latitude>-7.31533857045643</latitude>
						<altitude>0</altitude>
						<heading>1.492830495581061e-05</heading>
						<tilt>0</tilt>
						<range>265.4782627792125</range>
						<gx:altitudeMode>relativeToSeaFloor</gx:altitudeMode>
					</LookAt>
					<styleUrl>#myicon_12131002010011956</styleUrl>
					<Point>
						<gx:drawOrder>1</gx:drawOrder>
						<coordinates>112.7577494345291,-7.315279190023767,0</coordinates>
					</Point>
				</Placemark>
				<Placemark>
					<name>TE</name>
					<visibility>0</visibility>
					<LookAt>
						<longitude>112.7575186942598</longitude>
						<latitude>-7.314826413883159</latitude>
						<altitude>0</altitude>
						<heading>1.11153548047832e-05</heading>
						<tilt>0</tilt>
						<range>265.4782627824324</range>
						<gx:altitudeMode>relativeToSeaFloor</gx:altitudeMode>
					</LookAt>
					<styleUrl>#myicon_12131002010011956</styleUrl>
					<Point>
						<gx:drawOrder>1</gx:drawOrder>
						<coordinates>112.7576197209064,-7.31480909460449,0</coordinates>
					</Point>
				</Placemark>
				<Placemark>
					<name>TE</name>
					<visibility>0</visibility>
					<LookAt>
						<gx:TimeStamp><when>2015-04-11T08:07:03Z</when>
</gx:TimeStamp>
						<longitude>112.7575587416535</longitude>
						<latitude>-7.314485414105574</latitude>
						<altitude>0</altitude>
						<heading>-16.89072963321669</heading>
						<tilt>22.39538876479932</tilt>
						<range>220.8852459136614</range>
						<gx:altitudeMode>relativeToSeaFloor</gx:altitudeMode>
					</LookAt>
					<styleUrl>#myicon_12131002010011956</styleUrl>
					<Point>
						<gx:drawOrder>1</gx:drawOrder>
						<coordinates>112.7577812867035,-7.314665381744996,0</coordinates>
					</Point>
				</Placemark>
				<Placemark>
					<name>TE</name>
					<visibility>0</visibility>
					<LookAt>
						<gx:TimeStamp><when>2015-04-11T08:07:03Z</when>
</gx:TimeStamp>
						<longitude>112.7585156179479</longitude>
						<latitude>-7.314041284843793</latitude>
						<altitude>0</altitude>
						<heading>-16.8908980759438</heading>
						<tilt>23.53069578513701</tilt>
						<range>263.1305204032867</range>
						<gx:altitudeMode>relativeToSeaFloor</gx:altitudeMode>
					</LookAt>
					<styleUrl>#myicon_12131002010011956</styleUrl>
					<Point>
						<gx:drawOrder>1</gx:drawOrder>
						<coordinates>112.7581122905395,-7.314226059062321,0</coordinates>
					</Point>
				</Placemark>
				<Placemark>
					<name>TE</name>
					<visibility>0</visibility>
					<LookAt>
						<gx:TimeStamp><when>2015-04-11T08:07:03Z</when>
</gx:TimeStamp>
						<longitude>112.7587634746875</longitude>
						<latitude>-7.314308383545512</latitude>
						<altitude>0</altitude>
						<heading>-16.89092963378111</heading>
						<tilt>23.53069578513701</tilt>
						<range>263.1305204057875</range>
						<gx:altitudeMode>relativeToSeaFloor</gx:altitudeMode>
					</LookAt>
					<styleUrl>#myicon_12131002010011956</styleUrl>
					<Point>
						<gx:drawOrder>1</gx:drawOrder>
						<coordinates>112.758594344223,-7.314486059637486,0</coordinates>
					</Point>
				</Placemark>
				<Placemark>
					<name>TE</name>
					<visibility>0</visibility>
					<LookAt>
						<longitude>112.7587845748445</longitude>
						<latitude>-7.314878503955648</latitude>
						<altitude>0</altitude>
						<heading>-0.0001022988864613102</heading>
						<tilt>0</tilt>
						<range>256.7847983044894</range>
						<gx:altitudeMode>relativeToSeaFloor</gx:altitudeMode>
					</LookAt>
					<styleUrl>#myicon_12131002010011956</styleUrl>
					<Point>
						<gx:drawOrder>1</gx:drawOrder>
						<coordinates>112.7593745055065,-7.314976622342363,0</coordinates>
					</Point>
				</Placemark>
				<Placemark>
					<name>TE</name>
					<visibility>0</visibility>
					<LookAt>
						<longitude>112.7588574596134</longitude>
						<latitude>-7.315376926554236</latitude>
						<altitude>0</altitude>
						<heading>-0.0001115779823123145</heading>
						<tilt>0</tilt>
						<range>330.9374497028242</range>
						<gx:altitudeMode>relativeToSeaFloor</gx:altitudeMode>
					</LookAt>
					<styleUrl>#myicon_12131002010011956</styleUrl>
					<Point>
						<gx:drawOrder>1</gx:drawOrder>
						<coordinates>112.759564885079,-7.31549104187592,0</coordinates>
					</Point>
				</Placemark>
				<Placemark>
					<name>TE</name>
					<visibility>0</visibility>
					<LookAt>
						<longitude>112.7588574596134</longitude>
						<latitude>-7.315376926554236</latitude>
						<altitude>0</altitude>
						<heading>-0.0001115779823123145</heading>
						<tilt>0</tilt>
						<range>330.9374497028242</range>
						<gx:altitudeMode>relativeToSeaFloor</gx:altitudeMode>
					</LookAt>
					<styleUrl>#myicon_12131002010011956</styleUrl>
					<Point>
						<gx:drawOrder>1</gx:drawOrder>
						<coordinates>112.759396969522,-7.315768624838826,0</coordinates>
					</Point>
				</Placemark>
				<Placemark>
					<name>TE</name>
					<visibility>0</visibility>
					<LookAt>
						<longitude>112.7587672835047</longitude>
						<latitude>-7.315898164779271</latitude>
						<altitude>0</altitude>
						<heading>2.067360542951285e-14</heading>
						<tilt>0</tilt>
						<range>330.9374496992191</range>
						<gx:altitudeMode>relativeToSeaFloor</gx:altitudeMode>
					</LookAt>
					<styleUrl>#myicon_12131002010011956</styleUrl>
					<Point>
						<gx:drawOrder>1</gx:drawOrder>
						<coordinates>112.7591917389538,-7.316157241356063,0</coordinates>
					</Point>
				</Placemark>
				<Placemark>
					<name>TE</name>
					<visibility>0</visibility>
					<LookAt>
						<longitude>112.7587672835047</longitude>
						<latitude>-7.315898164779271</latitude>
						<altitude>0</altitude>
						<heading>2.067360542951285e-14</heading>
						<tilt>0</tilt>
						<range>330.9374496992191</range>
						<gx:altitudeMode>relativeToSeaFloor</gx:altitudeMode>
					</LookAt>
					<styleUrl>#myicon_12131002010011956</styleUrl>
					<Point>
						<gx:drawOrder>1</gx:drawOrder>
						<coordinates>112.7590891234647,-7.316305285344193,0</coordinates>
					</Point>
				</Placemark>
				<Placemark>
					<name>TE</name>
					<visibility>0</visibility>
					<LookAt>
						<longitude>112.7582560023294</longitude>
						<latitude>-7.312987667420521</latitude>
						<altitude>0</altitude>
						<heading>1.985990477167881e-06</heading>
						<tilt>0</tilt>
						<range>276.7469899684272</range>
						<gx:altitudeMode>relativeToSeaFloor</gx:altitudeMode>
					</LookAt>
					<styleUrl>#myicon_12131002010011956</styleUrl>
					<Point>
						<gx:drawOrder>1</gx:drawOrder>
						<coordinates>112.7584419279107,-7.312990246594289,0</coordinates>
					</Point>
				</Placemark>
				<Placemark>
					<name>TE</name>
					<visibility>0</visibility>
					<LookAt>
						<longitude>112.7582560023294</longitude>
						<latitude>-7.312987667420521</latitude>
						<altitude>0</altitude>
						<heading>1.985990477167881e-06</heading>
						<tilt>0</tilt>
						<range>276.7469899684272</range>
						<gx:altitudeMode>relativeToSeaFloor</gx:altitudeMode>
					</LookAt>
					<styleUrl>#myicon_12131002010011956</styleUrl>
					<Point>
						<gx:drawOrder>1</gx:drawOrder>
						<coordinates>112.7586967630635,-7.312660107822363,0</coordinates>
					</Point>
				</Placemark>
				<Placemark>
					<name>TE</name>
					<visibility>0</visibility>
					<LookAt>
						<longitude>112.7575148991788</longitude>
						<latitude>-7.312866444064413</latitude>
						<altitude>0</altitude>
						<heading>9.631908042450486e-05</heading>
						<tilt>0</tilt>
						<range>276.7469899680007</range>
						<gx:altitudeMode>relativeToSeaFloor</gx:altitudeMode>
					</LookAt>
					<styleUrl>#myicon_12131002010011956</styleUrl>
					<Point>
						<gx:drawOrder>1</gx:drawOrder>
						<coordinates>112.7579036529508,-7.312667845613427,0</coordinates>
					</Point>
				</Placemark>
				<Placemark>
					<name>TE</name>
					<visibility>0</visibility>
					<LookAt>
						<longitude>112.7568716636987</longitude>
						<latitude>-7.31270311970903</latitude>
						<altitude>0</altitude>
						<heading>5.168401357378214e-15</heading>
						<tilt>0</tilt>
						<range>394.7017085405633</range>
						<gx:altitudeMode>relativeToSeaFloor</gx:altitudeMode>
					</LookAt>
					<styleUrl>#myicon_12131002010011956</styleUrl>
					<Point>
						<gx:drawOrder>1</gx:drawOrder>
						<coordinates>112.7568512659825,-7.3126663346044,0</coordinates>
					</Point>
				</Placemark>
				<Placemark>
					<name>TE</name>
					<visibility>0</visibility>
					<LookAt>
						<longitude>112.7566343081964</longitude>
						<latitude>-7.312909116572659</latitude>
						<altitude>0</altitude>
						<heading>5.963540027744093e-15</heading>
						<tilt>0</tilt>
						<range>394.7017085407469</range>
						<gx:altitudeMode>relativeToSeaFloor</gx:altitudeMode>
					</LookAt>
					<styleUrl>#myicon_12131002010011956</styleUrl>
					<Point>
						<gx:drawOrder>1</gx:drawOrder>
						<coordinates>112.756421059067,-7.313159255287013,0</coordinates>
					</Point>
				</Placemark>
				<Placemark>
					<name>TE</name>
					<visibility>0</visibility>
					<LookAt>
						<longitude>112.7559815791401</longitude>
						<latitude>-7.313265933062131</latitude>
						<altitude>0</altitude>
						<heading>8.309118601551427e-05</heading>
						<tilt>0</tilt>
						<range>394.7017085450787</range>
						<gx:altitudeMode>relativeToSeaFloor</gx:altitudeMode>
					</LookAt>
					<styleUrl>#myicon_12131002010011956</styleUrl>
					<Point>
						<gx:drawOrder>1</gx:drawOrder>
						<coordinates>112.7561948281696,-7.313394681204453,0</coordinates>
					</Point>
				</Placemark>
				<Placemark>
					<name>TE</name>
					<visibility>0</visibility>
					<LookAt>
						<longitude>112.7559815791401</longitude>
						<latitude>-7.313265933062131</latitude>
						<altitude>0</altitude>
						<heading>8.309118601551427e-05</heading>
						<tilt>0</tilt>
						<range>394.7017085450787</range>
						<gx:altitudeMode>relativeToSeaFloor</gx:altitudeMode>
					</LookAt>
					<styleUrl>#myicon_12131002010011956</styleUrl>
					<Point>
						<gx:drawOrder>1</gx:drawOrder>
						<coordinates>112.7559685982004,-7.313637462709056,0</coordinates>
					</Point>
				</Placemark>
				<Placemark>
					<name>TE</name>
					<visibility>0</visibility>
					<LookAt>
						<longitude>112.755473488126</longitude>
						<latitude>-7.313596999396319</latitude>
						<altitude>0</altitude>
						<heading>0.0001477745023908894</heading>
						<tilt>0</tilt>
						<range>394.7017085435551</range>
						<gx:altitudeMode>relativeToSeaFloor</gx:altitudeMode>
					</LookAt>
					<styleUrl>#myicon_12131002010011956</styleUrl>
					<Point>
						<gx:drawOrder>1</gx:drawOrder>
						<coordinates>112.7557312410692,-7.313917030504001,0</coordinates>
					</Point>
				</Placemark>
				<Placemark>
					<name>TE</name>
					<visibility>0</visibility>
					<LookAt>
						<longitude>112.7557627646827</longitude>
						<latitude>-7.314023707815744</latitude>
						<altitude>0</altitude>
						<heading>-8.348956038841732e-15</heading>
						<tilt>0</tilt>
						<range>394.7017085436514</range>
						<gx:altitudeMode>relativeToSeaFloor</gx:altitudeMode>
					</LookAt>
					<styleUrl>#myicon_12131002010011956</styleUrl>
					<Point>
						<gx:drawOrder>1</gx:drawOrder>
						<coordinates>112.7563839707548,-7.314281203405647,0</coordinates>
					</Point>
				</Placemark>
				<Placemark>
					<name>TE</name>
					<visibility>0</visibility>
					<LookAt>
						<longitude>112.7574146356418</longitude>
						<latitude>-7.315491661794392</latitude>
						<altitude>0</altitude>
						<heading>2.226388277024461e-14</heading>
						<tilt>0</tilt>
						<range>320.5135978951783</range>
						<gx:altitudeMode>relativeToSeaFloor</gx:altitudeMode>
					</LookAt>
					<styleUrl>#myicon_12131002010011956</styleUrl>
					<Point>
						<gx:drawOrder>1</gx:drawOrder>
						<coordinates>112.7574884202247,-7.315841152356533,0</coordinates>
					</Point>
				</Placemark>
				<Placemark>
					<name>TE</name>
					<visibility>0</visibility>
					<LookAt>
						<longitude>112.7568635103376</longitude>
						<latitude>-7.315324383614422</latitude>
						<altitude>0</altitude>
						<heading>7.017996413689844e-05</heading>
						<tilt>0</tilt>
						<range>320.513597896533</range>
						<gx:altitudeMode>relativeToSeaFloor</gx:altitudeMode>
					</LookAt>
					<styleUrl>#myicon_12131002010011956</styleUrl>
					<Point>
						<gx:drawOrder>1</gx:drawOrder>
						<coordinates>112.7572806187543,-7.315700758612135,0</coordinates>
					</Point>
				</Placemark>
				<Placemark>
					<name>TE</name>
					<visibility>0</visibility>
					<LookAt>
						<longitude>112.7568635103376</longitude>
						<latitude>-7.315324383614422</latitude>
						<altitude>0</altitude>
						<heading>7.017996413689844e-05</heading>
						<tilt>0</tilt>
						<range>320.513597896533</range>
						<gx:altitudeMode>relativeToSeaFloor</gx:altitudeMode>
					</LookAt>
					<styleUrl>#myicon_12131002010011956</styleUrl>
					<Point>
						<gx:drawOrder>1</gx:drawOrder>
						<coordinates>112.7570758287885,-7.315584261406421,0</coordinates>
					</Point>
				</Placemark>
				<Placemark>
					<name>TE</name>
					<visibility>0</visibility>
					<LookAt>
						<gx:TimeStamp><when>2015-04-11T08:07:03Z</when>
</gx:TimeStamp>
						<longitude>112.7569942054839</longitude>
						<latitude>-7.315152180585823</latitude>
						<altitude>0</altitude>
						<heading>-16.89070433866846</heading>
						<tilt>23.530695785137</tilt>
						<range>263.1305204039208</range>
						<gx:altitudeMode>relativeToSeaFloor</gx:altitudeMode>
					</LookAt>
					<styleUrl>#myicon_12131002010011956</styleUrl>
					<Point>
						<gx:drawOrder>1</gx:drawOrder>
						<coordinates>112.7567890924225,-7.315397236091903,0</coordinates>
					</Point>
				</Placemark>
				<Placemark>
					<name>TE</name>
					<visibility>0</visibility>
					<LookAt>
						<longitude>112.7564539313338</longitude>
						<latitude>-7.31520489896563</latitude>
						<altitude>0</altitude>
						<heading>0.0001223334829178255</heading>
						<tilt>0</tilt>
						<range>320.513597893279</range>
						<gx:altitudeMode>relativeToSeaFloor</gx:altitudeMode>
					</LookAt>
					<styleUrl>#myicon_12131002010011956</styleUrl>
					<Point>
						<gx:drawOrder>1</gx:drawOrder>
						<coordinates>112.7564464022565,-7.315228795732038,0</coordinates>
					</Point>
				</Placemark>
				<Placemark>
					<name>TE</name>
					<visibility>0</visibility>
					<LookAt>
						<longitude>112.7564539313338</longitude>
						<latitude>-7.31520489896563</latitude>
						<altitude>0</altitude>
						<heading>0.0001223334829178255</heading>
						<tilt>0</tilt>
						<range>320.513597893279</range>
						<gx:altitudeMode>relativeToSeaFloor</gx:altitudeMode>
					</LookAt>
					<styleUrl>#myicon_12131002010011956</styleUrl>
					<Point>
						<gx:drawOrder>1</gx:drawOrder>
						<coordinates>112.7566391457636,-7.314998789519134,0</coordinates>
					</Point>
				</Placemark>
				<Placemark>
					<name>TE</name>
					<visibility>0</visibility>
					<LookAt>
						<gx:TimeStamp><when>2015-04-11T08:07:03Z</when>
</gx:TimeStamp>
						<longitude>112.7567798741864</longitude>
						<latitude>-7.314731968671782</latitude>
						<altitude>0</altitude>
						<heading>-16.89067704691815</heading>
						<tilt>23.53069578513703</tilt>
						<range>263.1305204064753</range>
						<gx:altitudeMode>relativeToSeaFloor</gx:altitudeMode>
					</LookAt>
					<styleUrl>#myicon_12131002010011956</styleUrl>
					<Point>
						<gx:drawOrder>1</gx:drawOrder>
						<coordinates>112.7563521394149,-7.315143237167327,0</coordinates>
					</Point>
				</Placemark>
				<Placemark>
					<name>TE</name>
					<visibility>0</visibility>
					<LookAt>
						<gx:TimeStamp><when>2015-04-11T08:07:03Z</when>
</gx:TimeStamp>
						<longitude>112.757114667199</longitude>
						<latitude>-7.314494896410707</latitude>
						<altitude>0</altitude>
						<heading>-16.89064214534054</heading>
						<tilt>21.58153456510032</tilt>
						<range>299.8996983327729</range>
						<gx:altitudeMode>relativeToSeaFloor</gx:altitudeMode>
					</LookAt>
					<styleUrl>#myicon_12131002010011956</styleUrl>
					<Point>
						<gx:drawOrder>1</gx:drawOrder>
						<coordinates>112.7567864847768,-7.31470409863131,0</coordinates>
					</Point>
				</Placemark>
				<Placemark>
					<name>TE</name>
					<visibility>0</visibility>
					<LookAt>
						<gx:TimeStamp><when>2015-04-11T08:07:03Z</when>
</gx:TimeStamp>
						<longitude>112.757356979161</longitude>
						<latitude>-7.314419095478999</latitude>
						<altitude>0</altitude>
						<heading>-16.89067299693782</heading>
						<tilt>21.5815345651003</tilt>
						<range>299.8996983360842</range>
						<gx:altitudeMode>relativeToSeaFloor</gx:altitudeMode>
					</LookAt>
					<styleUrl>#myicon_12131002010011956</styleUrl>
					<Point>
						<gx:drawOrder>1</gx:drawOrder>
						<coordinates>112.7571032864345,-7.314361162604599,0</coordinates>
					</Point>
				</Placemark>
				<Placemark>
					<name>TE</name>
					<visibility>0</visibility>
					<LookAt>
						<longitude>112.7568456832239</longitude>
						<latitude>-7.314127355248753</latitude>
						<altitude>0</altitude>
						<heading>5.565970692561154e-15</heading>
						<tilt>0</tilt>
						<range>351.4548598068516</range>
						<gx:altitudeMode>relativeToSeaFloor</gx:altitudeMode>
					</LookAt>
					<styleUrl>#myicon_12131002010011956</styleUrl>
					<Point>
						<gx:drawOrder>1</gx:drawOrder>
						<coordinates>112.7573955221488,-7.314189588739113,0</coordinates>
					</Point>
				</Placemark>
				<Placemark>
					<name>TE</name>
					<visibility>0</visibility>
					<LookAt>
						<gx:TimeStamp><when>2015-04-11T08:07:03Z</when>
</gx:TimeStamp>
						<longitude>112.7576204394935</longitude>
						<latitude>-7.314227967782673</latitude>
						<altitude>0</altitude>
						<heading>-16.89070725999637</heading>
						<tilt>21.57994690194332</tilt>
						<range>203.2853028417646</range>
						<gx:altitudeMode>relativeToSeaFloor</gx:altitudeMode>
					</LookAt>
					<styleUrl>#myicon_12131002010011956</styleUrl>
					<Point>
						<gx:drawOrder>1</gx:drawOrder>
						<coordinates>112.7575385991895,-7.313923760085075,0</coordinates>
					</Point>
				</Placemark>
				<Placemark>
					<name>TE</name>
					<visibility>0</visibility>
					<LookAt>
						<longitude>112.7570908838251</longitude>
						<latitude>-7.313887425232045</latitude>
						<altitude>0</altitude>
						<heading>2.385416011097638e-15</heading>
						<tilt>0</tilt>
						<range>351.4548598094591</range>
						<gx:altitudeMode>relativeToSeaFloor</gx:altitudeMode>
					</LookAt>
					<styleUrl>#myicon_12131002010011956</styleUrl>
					<Point>
						<gx:drawOrder>1</gx:drawOrder>
						<coordinates>112.7581162600642,-7.313409204989338,0</coordinates>
					</Point>
				</Placemark>
				<Placemark>
					<name>TE</name>
					<visibility>0</visibility>
					<LookAt>
						<longitude>112.7570908838251</longitude>
						<latitude>-7.313887425232045</latitude>
						<altitude>0</altitude>
						<heading>2.385416011097638e-15</heading>
						<tilt>0</tilt>
						<range>351.4548598094591</range>
						<gx:altitudeMode>relativeToSeaFloor</gx:altitudeMode>
					</LookAt>
					<styleUrl>#myicon_12131002010011956</styleUrl>
					<Point>
						<gx:drawOrder>1</gx:drawOrder>
						<coordinates>112.7578619791318,-7.313176647248555,0</coordinates>
					</Point>
				</Placemark>
				<Placemark>
					<name>TE</name>
					<visibility>0</visibility>
					<LookAt>
						<longitude>112.7570908838251</longitude>
						<latitude>-7.313887425232045</latitude>
						<altitude>0</altitude>
						<heading>2.385416011097638e-15</heading>
						<tilt>0</tilt>
						<range>351.4548598094591</range>
						<gx:altitudeMode>relativeToSeaFloor</gx:altitudeMode>
					</LookAt>
					<styleUrl>#myicon_12131002010011956</styleUrl>
					<Point>
						<gx:drawOrder>1</gx:drawOrder>
						<coordinates>112.7574062564459,-7.313173373245033,0</coordinates>
					</Point>
				</Placemark>
				<Placemark>
					<name>TE</name>
					<visibility>0</visibility>
					<LookAt>
						<longitude>112.7570908838251</longitude>
						<latitude>-7.313887425232045</latitude>
						<altitude>0</altitude>
						<heading>2.385416011097638e-15</heading>
						<tilt>0</tilt>
						<range>351.4548598094591</range>
						<gx:altitudeMode>relativeToSeaFloor</gx:altitudeMode>
					</LookAt>
					<styleUrl>#myicon_12131002010011956</styleUrl>
					<Point>
						<gx:drawOrder>1</gx:drawOrder>
						<coordinates>112.7572477444791,-7.313356799953496,0</coordinates>
					</Point>
				</Placemark>
				<Placemark>
					<name>TE</name>
					<visibility>0</visibility>
					<LookAt>
						<longitude>112.7565459987985</longitude>
						<latitude>-7.313952934056152</latitude>
						<altitude>0</altitude>
						<heading>6.937029703783722e-05</heading>
						<tilt>0</tilt>
						<range>351.4548598087958</range>
						<gx:altitudeMode>relativeToSeaFloor</gx:altitudeMode>
					</LookAt>
					<styleUrl>#myicon_12131002010011956</styleUrl>
					<Point>
						<gx:drawOrder>1</gx:drawOrder>
						<coordinates>112.7569901628083,-7.313618837001058,0</coordinates>
					</Point>
				</Placemark>
				<Placemark>
					<name>TE</name>
					<visibility>0</visibility>
					<LookAt>
						<longitude>112.7565459987985</longitude>
						<latitude>-7.313952934056152</latitude>
						<altitude>0</altitude>
						<heading>6.937029703783722e-05</heading>
						<tilt>0</tilt>
						<range>351.4548598087958</range>
						<gx:altitudeMode>relativeToSeaFloor</gx:altitudeMode>
					</LookAt>
					<styleUrl>#myicon_12131002010011956</styleUrl>
					<Point>
						<gx:drawOrder>1</gx:drawOrder>
						<coordinates>112.7566698362067,-7.313969311497517,0</coordinates>
					</Point>
				</Placemark>
				<Placemark>
					<name>TE</name>
					<visibility>0</visibility>
					<LookAt>
						<longitude>112.7557277872581</longitude>
						<latitude>-7.314512937415209</latitude>
						<altitude>0</altitude>
						<heading>0.0001074433088866187</heading>
						<tilt>0</tilt>
						<range>485.454961445059</range>
						<gx:altitudeMode>relativeToSeaFloor</gx:altitudeMode>
					</LookAt>
					<styleUrl>#myicon_12131002010011956</styleUrl>
					<Point>
						<gx:drawOrder>1</gx:drawOrder>
						<coordinates>112.7558988403231,-7.314788920404955,0</coordinates>
					</Point>
				</Placemark>
				<Placemark>
					<name>TE</name>
					<visibility>0</visibility>
					<LookAt>
						<longitude>112.7557277872581</longitude>
						<latitude>-7.314512937415209</latitude>
						<altitude>0</altitude>
						<heading>0.0001074433088866187</heading>
						<tilt>0</tilt>
						<range>485.454961445059</range>
						<gx:altitudeMode>relativeToSeaFloor</gx:altitudeMode>
					</LookAt>
					<styleUrl>#myicon_12131002010011956</styleUrl>
					<Point>
						<gx:drawOrder>1</gx:drawOrder>
						<coordinates>112.7553697157379,-7.314327440024082,0</coordinates>
					</Point>
				</Placemark>
				<Placemark>
					<name>TE</name>
					<visibility>0</visibility>
					<LookAt>
						<longitude>112.7553353462096</longitude>
						<latitude>-7.315448297531054</latitude>
						<altitude>0</altitude>
						<heading>3.622876690340415e-06</heading>
						<tilt>5.484317467192754</tilt>
						<range>374.9422046359403</range>
						<gx:altitudeMode>relativeToSeaFloor</gx:altitudeMode>
					</LookAt>
					<styleUrl>#myicon_12131002010011956</styleUrl>
					<Point>
						<gx:drawOrder>1</gx:drawOrder>
						<coordinates>112.7552073037725,-7.315598601956813,0</coordinates>
					</Point>
				</Placemark>
				<Placemark>
					<name>TE</name>
					<visibility>0</visibility>
					<LookAt>
						<longitude>112.7548186779138</longitude>
						<latitude>-7.315601877052045</latitude>
						<altitude>0</altitude>
						<heading>7.156248033292914e-15</heading>
						<tilt>0</tilt>
						<range>374.9422046331221</range>
						<gx:altitudeMode>relativeToSeaFloor</gx:altitudeMode>
					</LookAt>
					<styleUrl>#myicon_12131002010011956</styleUrl>
					<Point>
						<gx:drawOrder>1</gx:drawOrder>
						<coordinates>112.7548803310912,-7.315888414406588,0</coordinates>
					</Point>
				</Placemark>
				<Placemark>
					<name>TE</name>
					<visibility>0</visibility>
					<LookAt>
						<longitude>112.7544135280256</longitude>
						<latitude>-7.315933841668511</latitude>
						<altitude>0</altitude>
						<heading>2.027603609432991e-14</heading>
						<tilt>0</tilt>
						<range>374.9422046329914</range>
						<gx:altitudeMode>relativeToSeaFloor</gx:altitudeMode>
					</LookAt>
					<styleUrl>#myicon_12131002010011956</styleUrl>
					<Point>
						<gx:drawOrder>1</gx:drawOrder>
						<coordinates>112.7544646121244,-7.31623785081145,0</coordinates>
					</Point>
				</Placemark>
				<Placemark>
					<name>TE</name>
					<visibility>0</visibility>
					<LookAt>
						<longitude>112.7538780255042</longitude>
						<latitude>-7.316206401601032</latitude>
						<altitude>0</altitude>
						<heading>6.819706260091841e-05</heading>
						<tilt>0</tilt>
						<range>374.9422046321533</range>
						<gx:altitudeMode>relativeToSeaFloor</gx:altitudeMode>
					</LookAt>
					<styleUrl>#myicon_12131002010011956</styleUrl>
					<Point>
						<gx:drawOrder>1</gx:drawOrder>
						<coordinates>112.754105261471,-7.316538365897184,0</coordinates>
					</Point>
				</Placemark>
				<Placemark>
					<name>TE</name>
					<visibility>0</visibility>
					<LookAt>
						<gx:TimeStamp><when>2015-04-11T08:07:03Z</when>
</gx:TimeStamp>
						<longitude>112.7547158358984</longitude>
						<latitude>-7.316741833951874</latitude>
						<altitude>0</altitude>
						<heading>-3.881449551166172</heading>
						<tilt>19.44863180086258</tilt>
						<range>205.8291389027332</range>
						<gx:altitudeMode>relativeToSeaFloor</gx:altitudeMode>
					</LookAt>
					<styleUrl>#myicon_12131002010011956</styleUrl>
					<Point>
						<gx:drawOrder>1</gx:drawOrder>
						<coordinates>112.7547425629844,-7.316573563051301,0</coordinates>
					</Point>
				</Placemark>
				<Placemark>
					<name>TE</name>
					<visibility>0</visibility>
					<LookAt>
						<gx:TimeStamp><when>2015-04-11T08:07:03Z</when>
</gx:TimeStamp>
						<longitude>112.7547158358984</longitude>
						<latitude>-7.316741833951874</latitude>
						<altitude>0</altitude>
						<heading>-3.881449551166172</heading>
						<tilt>19.44863180086258</tilt>
						<range>205.8291389027332</range>
						<gx:altitudeMode>relativeToSeaFloor</gx:altitudeMode>
					</LookAt>
					<styleUrl>#myicon_12131002010011956</styleUrl>
					<Point>
						<gx:drawOrder>1</gx:drawOrder>
						<coordinates>112.7546034740254,-7.31670896566658,0</coordinates>
					</Point>
				</Placemark>
				<Placemark>
					<name>TE</name>
					<visibility>0</visibility>
					<LookAt>
						<gx:TimeStamp><when>2015-04-11T08:07:03Z</when>
</gx:TimeStamp>
						<longitude>112.7546397717884</longitude>
						<latitude>-7.316746952877656</latitude>
						<altitude>0</altitude>
						<heading>-3.881439864276401</heading>
						<tilt>19.44863180086258</tilt>
						<range>205.8291389034287</range>
						<gx:altitudeMode>relativeToSeaFloor</gx:altitudeMode>
					</LookAt>
					<styleUrl>#myicon_12131002010011956</styleUrl>
					<Point>
						<gx:drawOrder>1</gx:drawOrder>
						<coordinates>112.754387582574,-7.316873461169639,0</coordinates>
					</Point>
				</Placemark>
				<Placemark>
					<name>TE</name>
					<visibility>0</visibility>
					<LookAt>
						<gx:TimeStamp><when>2015-04-11T08:07:03Z</when>
</gx:TimeStamp>
						<longitude>112.7546397717884</longitude>
						<latitude>-7.316746952877656</latitude>
						<altitude>0</altitude>
						<heading>-3.881439864276401</heading>
						<tilt>19.44863180086258</tilt>
						<range>205.8291389034287</range>
						<gx:altitudeMode>relativeToSeaFloor</gx:altitudeMode>
					</LookAt>
					<styleUrl>#myicon_12131002010011956</styleUrl>
					<Point>
						<gx:drawOrder>1</gx:drawOrder>
						<coordinates>112.7541817025476,-7.31704917369596,0</coordinates>
					</Point>
				</Placemark>
				<Placemark>
					<name>TE</name>
					<visibility>0</visibility>
					<LookAt>
						<gx:TimeStamp><when>2015-04-11T08:07:03Z</when>
</gx:TimeStamp>
						<longitude>112.7539500654866</longitude>
						<latitude>-7.31717126801491</latitude>
						<altitude>0</altitude>
						<heading>-3.881348339411456</heading>
						<tilt>17.25091666418329</tilt>
						<range>241.1382632702168</range>
						<gx:altitudeMode>relativeToSeaFloor</gx:altitudeMode>
					</LookAt>
					<styleUrl>#myicon_12131002010011956</styleUrl>
					<Point>
						<gx:drawOrder>1</gx:drawOrder>
						<coordinates>112.7539970003316,-7.317226615890419,0</coordinates>
					</Point>
				</Placemark>
				<Placemark>
					<name>TE</name>
					<visibility>0</visibility>
					<LookAt>
						<longitude>112.7538075634885</longitude>
						<latitude>-7.317142890728415</latitude>
						<altitude>0</altitude>
						<heading>7.717785773052748e-05</heading>
						<tilt>0</tilt>
						<range>374.9422046327522</range>
						<gx:altitudeMode>relativeToSeaFloor</gx:altitudeMode>
					</LookAt>
					<styleUrl>#myicon_12131002010011956</styleUrl>
					<Point>
						<gx:drawOrder>1</gx:drawOrder>
						<coordinates>112.7539960461828,-7.317715966070598,0</coordinates>
					</Point>
				</Placemark>
				<Placemark>
					<name>TE</name>
					<visibility>0</visibility>
					<LookAt>
						<gx:TimeStamp><when>2015-04-11T08:07:03Z</when>
</gx:TimeStamp>
						<longitude>112.7539500654866</longitude>
						<latitude>-7.31717126801491</latitude>
						<altitude>0</altitude>
						<heading>-3.881348339411456</heading>
						<tilt>17.25091666418329</tilt>
						<range>241.1382632702168</range>
						<gx:altitudeMode>relativeToSeaFloor</gx:altitudeMode>
					</LookAt>
					<styleUrl>#myicon_12131002010011956</styleUrl>
					<Point>
						<gx:drawOrder>1</gx:drawOrder>
						<coordinates>112.7539670548348,-7.317453595086209,0</coordinates>
					</Point>
				</Placemark>
				<Placemark>
					<name>TE</name>
					<visibility>0</visibility>
					<LookAt>
						<longitude>112.7538969279348</longitude>
						<latitude>-7.317628562414046</latitude>
						<altitude>0</altitude>
						<heading>-1.158289737703618e-05</heading>
						<tilt>0</tilt>
						<range>312.1884687983144</range>
						<gx:altitudeMode>relativeToSeaFloor</gx:altitudeMode>
					</LookAt>
					<styleUrl>#myicon_12131002010011956</styleUrl>
					<Point>
						<gx:drawOrder>1</gx:drawOrder>
						<coordinates>112.7539482626469,-7.31809117478892,0</coordinates>
					</Point>
				</Placemark>
				<Placemark>
					<name>TE</name>
					<visibility>0</visibility>
					<LookAt>
						<longitude>112.7532077815913</longitude>
						<latitude>-7.317035825756251</latitude>
						<altitude>0</altitude>
						<heading>5.388707712861882e-05</heading>
						<tilt>3.721648875658848</tilt>
						<range>258.6583173184012</range>
						<gx:altitudeMode>relativeToSeaFloor</gx:altitudeMode>
					</LookAt>
					<styleUrl>#myicon_12131002010011956</styleUrl>
					<Point>
						<gx:drawOrder>1</gx:drawOrder>
						<coordinates>112.7532596885857,-7.317273394804416,0</coordinates>
					</Point>
				</Placemark>
				<Placemark>
					<name>TE</name>
					<visibility>0</visibility>
					<LookAt>
						<longitude>112.7532077815913</longitude>
						<latitude>-7.317035825756251</latitude>
						<altitude>0</altitude>
						<heading>5.388707712861882e-05</heading>
						<tilt>3.721648875658848</tilt>
						<range>258.6583173184012</range>
						<gx:altitudeMode>relativeToSeaFloor</gx:altitudeMode>
					</LookAt>
					<styleUrl>#myicon_12131002010011956</styleUrl>
					<Point>
						<gx:drawOrder>1</gx:drawOrder>
						<coordinates>112.753524929534,-7.317038241449478,0</coordinates>
					</Point>
				</Placemark>
				<Placemark>
					<name>TE</name>
					<visibility>0</visibility>
					<LookAt>
						<longitude>112.7532077815913</longitude>
						<latitude>-7.317035825756251</latitude>
						<altitude>0</altitude>
						<heading>5.388707712861882e-05</heading>
						<tilt>3.721648875658848</tilt>
						<range>258.6583173184012</range>
						<gx:altitudeMode>relativeToSeaFloor</gx:altitudeMode>
					</LookAt>
					<styleUrl>#myicon_12131002010011956</styleUrl>
					<Point>
						<gx:drawOrder>1</gx:drawOrder>
						<coordinates>112.7536847304611,-7.316900032435542,0</coordinates>
					</Point>
				</Placemark>
				<Placemark>
					<name>TE</name>
					<visibility>0</visibility>
					<LookAt>
						<longitude>112.7528853464255</longitude>
						<latitude>-7.317668492011152</latitude>
						<altitude>0</altitude>
						<heading>-4.770832022195275e-15</heading>
						<tilt>0</tilt>
						<range>258.6583173201387</range>
						<gx:altitudeMode>relativeToSeaFloor</gx:altitudeMode>
					</LookAt>
					<styleUrl>#myicon_12131002010011956</styleUrl>
					<Point>
						<gx:drawOrder>1</gx:drawOrder>
						<coordinates>112.7535136114797,-7.318039728374924,0</coordinates>
					</Point>
				</Placemark>
				<Placemark>
					<name>TE</name>
					<visibility>0</visibility>
					<LookAt>
						<longitude>112.7528853464255</longitude>
						<latitude>-7.317668492011152</latitude>
						<altitude>0</altitude>
						<heading>-4.770832022195275e-15</heading>
						<tilt>0</tilt>
						<range>258.6583173201387</range>
						<gx:altitudeMode>relativeToSeaFloor</gx:altitudeMode>
					</LookAt>
					<styleUrl>#myicon_12131002010011956</styleUrl>
					<Point>
						<gx:drawOrder>1</gx:drawOrder>
						<coordinates>112.7530737041547,-7.318010800742173,0</coordinates>
					</Point>
				</Placemark>
				<Placemark>
					<name>TE</name>
					<visibility>0</visibility>
					<LookAt>
						<longitude>112.7528853464255</longitude>
						<latitude>-7.317668492011152</latitude>
						<altitude>0</altitude>
						<heading>-4.770832022195275e-15</heading>
						<tilt>0</tilt>
						<range>258.6583173201387</range>
						<gx:altitudeMode>relativeToSeaFloor</gx:altitudeMode>
					</LookAt>
					<styleUrl>#myicon_12131002010011956</styleUrl>
					<Point>
						<gx:drawOrder>1</gx:drawOrder>
						<coordinates>112.7527990664631,-7.317979462586017,0</coordinates>
					</Point>
				</Placemark>
				<Placemark>
					<name>TE</name>
					<visibility>0</visibility>
					<LookAt>
						<longitude>112.7524527314517</longitude>
						<latitude>-7.317752863830712</latitude>
						<altitude>0</altitude>
						<heading>5.510534127508574e-05</heading>
						<tilt>0</tilt>
						<range>258.6583173189575</range>
						<gx:altitudeMode>relativeToSeaFloor</gx:altitudeMode>
					</LookAt>
					<styleUrl>#myicon_12131002010011956</styleUrl>
					<Point>
						<gx:drawOrder>1</gx:drawOrder>
						<coordinates>112.7525681762512,-7.317955356356014,0</coordinates>
					</Point>
				</Placemark>
				<Placemark>
					<name>TE</name>
					<visibility>0</visibility>
					<LookAt>
						<longitude>112.7522218414445</longitude>
						<latitude>-7.317764916727601</latitude>
						<altitude>0</altitude>
						<heading>-1.192708005548819e-15</heading>
						<tilt>0</tilt>
						<range>258.6583173200561</range>
						<gx:altitudeMode>relativeToSeaFloor</gx:altitudeMode>
					</LookAt>
					<styleUrl>#myicon_12131002010011956</styleUrl>
					<Point>
						<gx:drawOrder>1</gx:drawOrder>
						<coordinates>112.7522449304403,-7.317933660410411,0</coordinates>
					</Point>
				</Placemark>
				<Placemark>
					<name>TE</name>
					<visibility>0</visibility>
					<LookAt>
						<gx:TimeStamp><when>2015-04-11T08:07:03Z</when>
</gx:TimeStamp>
						<longitude>112.7522902272411</longitude>
						<latitude>-7.317743684733044</latitude>
						<altitude>0</altitude>
						<heading>-3.88114056820406</heading>
						<tilt>19.44884990989253</tilt>
						<range>278.7740403429831</range>
						<gx:altitudeMode>relativeToSeaFloor</gx:altitudeMode>
					</LookAt>
					<styleUrl>#myicon_12131002010011956</styleUrl>
					<Point>
						<gx:drawOrder>1</gx:drawOrder>
						<coordinates>112.7517792243808,-7.317883821999308,0</coordinates>
					</Point>
				</Placemark>
				<Placemark>
					<name>TE</name>
					<visibility>0</visibility>
					<LookAt>
						<gx:TimeStamp><when>2015-04-11T08:07:03Z</when>
</gx:TimeStamp>
						<longitude>112.7574468088398</longitude>
						<latitude>-7.315745754242895</latitude>
						<altitude>0</altitude>
						<heading>-3.88176913353043</heading>
						<tilt>30.00047722409641</tilt>
						<range>105.1523683317044</range>
						<gx:altitudeMode>relativeToSeaFloor</gx:altitudeMode>
					</LookAt>
					<styleUrl>#myicon_12131002010011956</styleUrl>
					<Point>
						<gx:drawOrder>1</gx:drawOrder>
						<coordinates>112.7577200089246,-7.315952295706024,0</coordinates>
					</Point>
				</Placemark>
				<Placemark>
					<name>TE</name>
					<visibility>0</visibility>
					<LookAt>
						<longitude>112.7520375787251</longitude>
						<latitude>-7.317215731146583</latitude>
						<altitude>0</altitude>
						<heading>8.34895603884173e-15</heading>
						<tilt>0</tilt>
						<range>297.1168707864424</range>
						<gx:altitudeMode>relativeToSeaFloor</gx:altitudeMode>
					</LookAt>
					<styleUrl>#myicon_12131002010011956</styleUrl>
					<Point>
						<gx:drawOrder>1</gx:drawOrder>
						<coordinates>112.7521115610029,-7.317406795400325,0</coordinates>
					</Point>
				</Placemark>
				<Placemark>
					<name>TE</name>
					<visibility>0</visibility>
					<LookAt>
						<longitude>112.7520375787251</longitude>
						<latitude>-7.317215731146583</latitude>
						<altitude>0</altitude>
						<heading>8.34895603884173e-15</heading>
						<tilt>0</tilt>
						<range>297.1168707864424</range>
						<gx:altitudeMode>relativeToSeaFloor</gx:altitudeMode>
					</LookAt>
					<styleUrl>#myicon_12131002010011956</styleUrl>
					<Point>
						<gx:drawOrder>1</gx:drawOrder>
						<coordinates>112.7522567337248,-7.317282188227853,0</coordinates>
					</Point>
				</Placemark>
				<Placemark>
					<name>TE</name>
					<visibility>0</visibility>
					<LookAt>
						<longitude>112.7520375787251</longitude>
						<latitude>-7.317215731146583</latitude>
						<altitude>0</altitude>
						<heading>8.34895603884173e-15</heading>
						<tilt>0</tilt>
						<range>297.1168707864424</range>
						<gx:altitudeMode>relativeToSeaFloor</gx:altitudeMode>
					</LookAt>
					<styleUrl>#myicon_12131002010011956</styleUrl>
					<Point>
						<gx:drawOrder>1</gx:drawOrder>
						<coordinates>112.7526029150727,-7.316996975836966,0</coordinates>
					</Point>
				</Placemark>
				<Placemark>
					<name>TE</name>
					<visibility>0</visibility>
					<LookAt>
						<longitude>112.7528951285469</longitude>
						<latitude>-7.316600126992822</latitude>
						<altitude>0</altitude>
						<heading>6.361109362927033e-15</heading>
						<tilt>0</tilt>
						<range>364.8216050087304</range>
						<gx:altitudeMode>relativeToSeaFloor</gx:altitudeMode>
					</LookAt>
					<styleUrl>#myicon_12131002010011956</styleUrl>
					<Point>
						<gx:drawOrder>1</gx:drawOrder>
						<coordinates>112.753177934252,-7.316528726132111,0</coordinates>
					</Point>
				</Placemark>
				<Placemark>
					<name>TE</name>
					<visibility>0</visibility>
					<LookAt>
						<longitude>112.7528951285469</longitude>
						<latitude>-7.316600126992822</latitude>
						<altitude>0</altitude>
						<heading>6.361109362927033e-15</heading>
						<tilt>0</tilt>
						<range>364.8216050087304</range>
						<gx:altitudeMode>relativeToSeaFloor</gx:altitudeMode>
					</LookAt>
					<styleUrl>#myicon_12131002010011956</styleUrl>
					<Point>
						<gx:drawOrder>1</gx:drawOrder>
						<coordinates>112.7535070175399,-7.316239722260158,0</coordinates>
					</Point>
				</Placemark>
				<Placemark>
					<name>TE</name>
					<visibility>0</visibility>
					<LookAt>
						<longitude>112.7535430108814</longitude>
						<latitude>-7.31635532387734</latitude>
						<altitude>0</altitude>
						<heading>-8.251037336779101e-05</heading>
						<tilt>0</tilt>
						<range>364.8216050067705</range>
						<gx:altitudeMode>relativeToSeaFloor</gx:altitudeMode>
					</LookAt>
					<styleUrl>#myicon_12131002010011956</styleUrl>
					<Point>
						<gx:drawOrder>1</gx:drawOrder>
						<coordinates>112.7539252261467,-7.315886117717865,0</coordinates>
					</Point>
				</Placemark>
				<Placemark>
					<name>TE</name>
					<visibility>0</visibility>
					<LookAt>
						<longitude>112.7541086204568</longitude>
						<latitude>-7.315675314860598</latitude>
						<altitude>0</altitude>
						<heading>-0.0001545403523759114</heading>
						<tilt>0</tilt>
						<range>364.821605007799</range>
						<gx:altitudeMode>relativeToSeaFloor</gx:altitudeMode>
					</LookAt>
					<styleUrl>#myicon_12131002010011956</styleUrl>
					<Point>
						<gx:drawOrder>1</gx:drawOrder>
						<coordinates>112.7545353982273,-7.315359109917043,0</coordinates>
					</Point>
				</Placemark>
				<Placemark>
					<name>TE</name>
					<visibility>0</visibility>
					<LookAt>
						<longitude>112.7545816752192</longitude>
						<latitude>-7.315352309846817</latitude>
						<altitude>0</altitude>
						<heading>-0.0002147773483835001</heading>
						<tilt>0</tilt>
						<range>364.8216050053167</range>
						<gx:altitudeMode>relativeToSeaFloor</gx:altitudeMode>
					</LookAt>
					<styleUrl>#myicon_12131002010011956</styleUrl>
					<Point>
						<gx:drawOrder>1</gx:drawOrder>
						<coordinates>112.7548816184636,-7.315012304843138,0</coordinates>
					</Point>
				</Placemark>
				<Placemark>
					<name>TE</name>
					<visibility>0</visibility>
					<LookAt>
						<longitude>112.7545816752192</longitude>
						<latitude>-7.315352309846817</latitude>
						<altitude>0</altitude>
						<heading>-0.0002147773483835001</heading>
						<tilt>0</tilt>
						<range>364.8216050053167</range>
						<gx:altitudeMode>relativeToSeaFloor</gx:altitudeMode>
					</LookAt>
					<styleUrl>#myicon_12131002010011956</styleUrl>
					<Point>
						<gx:drawOrder>1</gx:drawOrder>
						<coordinates>112.7551421410555,-7.314740299775211,0</coordinates>
					</Point>
				</Placemark>
				<Placemark>
					<name>TE</name>
					<visibility>0</visibility>
					<LookAt>
						<longitude>112.7545816752192</longitude>
						<latitude>-7.315352309846817</latitude>
						<altitude>0</altitude>
						<heading>-0.0002147773483835001</heading>
						<tilt>0</tilt>
						<range>364.8216050053167</range>
						<gx:altitudeMode>relativeToSeaFloor</gx:altitudeMode>
					</LookAt>
					<styleUrl>#myicon_12131002010011956</styleUrl>
					<Point>
						<gx:drawOrder>1</gx:drawOrder>
						<coordinates>112.7553752410318,-7.314481893761722,0</coordinates>
					</Point>
				</Placemark>
				<Placemark>
					<name>TE</name>
					<visibility>0</visibility>
					<LookAt>
						<longitude>112.7552741195547</longitude>
						<latitude>-7.315240105479659</latitude>
						<altitude>0</altitude>
						<heading>-0.0003029468130809183</heading>
						<tilt>0</tilt>
						<range>364.8216050063682</range>
						<gx:altitudeMode>relativeToSeaFloor</gx:altitudeMode>
					</LookAt>
					<styleUrl>#myicon_12131002010011956</styleUrl>
					<Point>
						<gx:drawOrder>1</gx:drawOrder>
						<coordinates>112.7558414415784,-7.314896698113708,0</coordinates>
					</Point>
				</Placemark>
				<Placemark>
					<name>TE</name>
					<visibility>0</visibility>
					<LookAt>
						<gx:TimeStamp><when>2015-04-11T08:07:03Z</when>
</gx:TimeStamp>
						<longitude>112.7569717702036</longitude>
						<latitude>-7.315300789412649</latitude>
						<altitude>0</altitude>
						<heading>-3.881713252518194</heading>
						<tilt>0</tilt>
						<range>262.4218744145501</range>
						<gx:altitudeMode>relativeToSeaFloor</gx:altitudeMode>
					</LookAt>
					<styleUrl>#myicon_12131002010011956</styleUrl>
					<Point>
						<gx:drawOrder>1</gx:drawOrder>
						<coordinates>112.75621728986,-7.315227669165843,0</coordinates>
					</Point>
				</Placemark>
				<Placemark>
					<name>TE</name>
					<visibility>0</visibility>
					<LookAt>
						<longitude>112.7563676358862</longitude>
						<latitude>-7.315376100972027</latitude>
						<altitude>0</altitude>
						<heading>-7.951386703658792e-16</heading>
						<tilt>0</tilt>
						<range>364.8216050036687</range>
						<gx:altitudeMode>relativeToSeaFloor</gx:altitudeMode>
					</LookAt>
					<styleUrl>#myicon_12131002010011956</styleUrl>
					<Point>
						<gx:drawOrder>1</gx:drawOrder>
						<coordinates>112.756554458591,-7.315454301774963,0</coordinates>
					</Point>
				</Placemark>
				<Placemark>
					<name>TE</name>
					<visibility>0</visibility>
					<LookAt>
						<longitude>112.7564461618531</longitude>
						<latitude>-7.31547658820014</latitude>
						<altitude>0</altitude>
						<heading>5.168401357378215e-15</heading>
						<tilt>0</tilt>
						<range>309.0619053364</range>
						<gx:altitudeMode>relativeToSeaFloor</gx:altitudeMode>
					</LookAt>
					<styleUrl>#myicon_12131002010011956</styleUrl>
					<Point>
						<gx:drawOrder>1</gx:drawOrder>
						<coordinates>112.7568309434238,-7.315600444055963,0</coordinates>
					</Point>
				</Placemark>
				<Placemark>
					<name>TE</name>
					<visibility>0</visibility>
					<LookAt>
						<longitude>112.7564461618531</longitude>
						<latitude>-7.31547658820014</latitude>
						<altitude>0</altitude>
						<heading>5.168401357378215e-15</heading>
						<tilt>0</tilt>
						<range>309.0619053364</range>
						<gx:altitudeMode>relativeToSeaFloor</gx:altitudeMode>
					</LookAt>
					<styleUrl>#myicon_12131002010011956</styleUrl>
					<Point>
						<gx:drawOrder>1</gx:drawOrder>
						<coordinates>112.7570864972397,-7.315724300022738,0</coordinates>
					</Point>
				</Placemark>
				<Placemark>
					<name>TE</name>
					<visibility>0</visibility>
					<LookAt>
						<longitude>112.7564461618531</longitude>
						<latitude>-7.31547658820014</latitude>
						<altitude>0</altitude>
						<heading>5.168401357378215e-15</heading>
						<tilt>0</tilt>
						<range>309.0619053364</range>
						<gx:altitudeMode>relativeToSeaFloor</gx:altitudeMode>
					</LookAt>
					<styleUrl>#myicon_12131002010011956</styleUrl>
					<Point>
						<gx:drawOrder>1</gx:drawOrder>
						<coordinates>112.757434981629,-7.315900003202287,0</coordinates>
					</Point>
				</Placemark>
				<Placemark>
					<name>TE</name>
					<visibility>0</visibility>
					<LookAt>
						<longitude>112.7562460403799</longitude>
						<latitude>-7.31531950210859</latitude>
						<altitude>0</altitude>
						<heading>2.548171702335602e-05</heading>
						<tilt>0</tilt>
						<range>413.9912366407599</range>
						<gx:altitudeMode>relativeToSeaFloor</gx:altitudeMode>
					</LookAt>
					<styleUrl>#myicon_12131002010011956</styleUrl>
					<Point>
						<gx:drawOrder>1</gx:drawOrder>
						<coordinates>112.7572749350435,-7.3158056465728,0</coordinates>
					</Point>
				</Placemark>
				<Placemark>
					<name>TE</name>
					<visibility>0</visibility>
					<LookAt>
						<gx:TimeStamp><when>2015-04-11T08:07:03Z</when>
</gx:TimeStamp>
						<longitude>112.7574715465689</longitude>
						<latitude>-7.316374041963155</latitude>
						<altitude>0</altitude>
						<heading>-3.881691017892985</heading>
						<tilt>25.26230839346897</tilt>
						<range>222.3518918284879</range>
						<gx:altitudeMode>relativeToSeaFloor</gx:altitudeMode>
					</LookAt>
					<styleUrl>#myicon_12131002010011956</styleUrl>
					<Point>
						<gx:drawOrder>1</gx:drawOrder>
						<coordinates>112.7569486542213,-7.316233011943311,0</coordinates>
					</Point>
				</Placemark>
				<Placemark>
					<name>TE</name>
					<visibility>0</visibility>
					<LookAt>
						<gx:TimeStamp><when>2015-04-11T08:07:03Z</when>
</gx:TimeStamp>
						<longitude>112.7573911569906</longitude>
						<latitude>-7.316342783832978</latitude>
						<altitude>0</altitude>
						<heading>-3.881672774160148</heading>
						<tilt>24.7239224803485</tilt>
						<range>190.5664655446948</range>
						<gx:altitudeMode>relativeToSeaFloor</gx:altitudeMode>
					</LookAt>
					<styleUrl>#myicon_12131002010011956</styleUrl>
					<Point>
						<gx:drawOrder>1</gx:drawOrder>
						<coordinates>112.757400291793,-7.316476306174361,0</coordinates>
					</Point>
				</Placemark>
				<Placemark>
					<name>TE</name>
					<visibility>0</visibility>
					<LookAt>
						<longitude>112.7564147357196</longitude>
						<latitude>-7.316380378418211</latitude>
						<altitude>0</altitude>
						<heading>2.782985346280577e-15</heading>
						<tilt>0</tilt>
						<range>283.5463597372369</range>
						<gx:altitudeMode>relativeToSeaFloor</gx:altitudeMode>
					</LookAt>
					<styleUrl>#myicon_12131002010011956</styleUrl>
					<Point>
						<gx:drawOrder>1</gx:drawOrder>
						<coordinates>112.7565279669742,-7.316057984311731,0</coordinates>
					</Point>
				</Placemark>
				<Placemark>
					<name>TE</name>
					<visibility>0</visibility>
					<LookAt>
						<longitude>112.7564147357196</longitude>
						<latitude>-7.316380378418211</latitude>
						<altitude>0</altitude>
						<heading>2.782985346280577e-15</heading>
						<tilt>0</tilt>
						<range>283.5463597372369</range>
						<gx:altitudeMode>relativeToSeaFloor</gx:altitudeMode>
					</LookAt>
					<styleUrl>#myicon_12131002010011956</styleUrl>
					<Point>
						<gx:drawOrder>1</gx:drawOrder>
						<coordinates>112.7562375620873,-7.31587564639538,0</coordinates>
					</Point>
				</Placemark>
				<Placemark>
					<name>TE</name>
					<visibility>0</visibility>
					<LookAt>
						<longitude>112.7557666493945</longitude>
						<latitude>-7.316335122362995</latitude>
						<altitude>0</altitude>
						<heading>6.005508733897827e-05</heading>
						<tilt>0</tilt>
						<range>283.5463597389206</range>
						<gx:altitudeMode>relativeToSeaFloor</gx:altitudeMode>
					</LookAt>
					<styleUrl>#myicon_12131002010011956</styleUrl>
					<Point>
						<gx:drawOrder>1</gx:drawOrder>
						<coordinates>112.7560264155177,-7.316073507676627,0</coordinates>
					</Point>
				</Placemark>
				<Placemark>
					<name>TE</name>
					<visibility>0</visibility>
					<LookAt>
						<longitude>112.7557666493945</longitude>
						<latitude>-7.316335122362995</latitude>
						<altitude>0</altitude>
						<heading>6.005508733897827e-05</heading>
						<tilt>0</tilt>
						<range>283.5463597389206</range>
						<gx:altitudeMode>relativeToSeaFloor</gx:altitudeMode>
					</LookAt>
					<styleUrl>#myicon_12131002010011956</styleUrl>
					<Point>
						<gx:drawOrder>1</gx:drawOrder>
						<coordinates>112.7556853892061,-7.316409114329297,0</coordinates>
					</Point>
				</Placemark>
				<Placemark>
					<name>TE</name>
					<visibility>0</visibility>
					<LookAt>
						<longitude>112.7559547755024</longitude>
						<latitude>-7.316151342114455</latitude>
						<altitude>0</altitude>
						<heading>3.609811199118859e-05</heading>
						<tilt>0</tilt>
						<range>283.5463597371431</range>
						<gx:altitudeMode>relativeToSeaFloor</gx:altitudeMode>
					</LookAt>
					<styleUrl>#myicon_12131002010011956</styleUrl>
					<Point>
						<gx:drawOrder>1</gx:drawOrder>
						<coordinates>112.7558974937821,-7.316198908397027,0</coordinates>
					</Point>
				</Placemark>
				<Placemark>
					<name>TE</name>
					<visibility>0</visibility>
					<LookAt>
						<longitude>112.7558881685967</longitude>
						<latitude>-7.316397101571653</latitude>
						<altitude>0</altitude>
						<heading>9.14409470920761e-15</heading>
						<tilt>0</tilt>
						<range>283.5463597398625</range>
						<gx:altitudeMode>relativeToSeaFloor</gx:altitudeMode>
					</LookAt>
					<styleUrl>#myicon_12131002010011956</styleUrl>
					<Point>
						<gx:drawOrder>1</gx:drawOrder>
						<coordinates>112.7560413638999,-7.316439382723688,0</coordinates>
					</Point>
				</Placemark>
				<Placemark>
					<name>TE</name>
					<visibility>0</visibility>
					<LookAt>
						<longitude>112.7558881685967</longitude>
						<latitude>-7.316397101571653</latitude>
						<altitude>0</altitude>
						<heading>9.14409470920761e-15</heading>
						<tilt>0</tilt>
						<range>283.5463597398625</range>
						<gx:altitudeMode>relativeToSeaFloor</gx:altitudeMode>
					</LookAt>
					<styleUrl>#myicon_12131002010011956</styleUrl>
					<Point>
						<gx:drawOrder>1</gx:drawOrder>
						<coordinates>112.7564037045773,-7.316489591434634,0</coordinates>
					</Point>
				</Placemark>
				<Placemark>
					<name>TE</name>
					<visibility>0</visibility>
					<LookAt>
						<longitude>112.7558881685967</longitude>
						<latitude>-7.316397101571653</latitude>
						<altitude>0</altitude>
						<heading>9.14409470920761e-15</heading>
						<tilt>0</tilt>
						<range>283.5463597398625</range>
						<gx:altitudeMode>relativeToSeaFloor</gx:altitudeMode>
					</LookAt>
					<styleUrl>#myicon_12131002010011956</styleUrl>
					<Point>
						<gx:drawOrder>1</gx:drawOrder>
						<coordinates>112.75670476817,-7.316516016917156,0</coordinates>
					</Point>
				</Placemark>
				<Placemark>
					<name>TE</name>
					<visibility>0</visibility>
					<LookAt>
						<gx:TimeStamp><when>2015-04-11T08:07:03Z</when>
</gx:TimeStamp>
						<longitude>112.7574564401075</longitude>
						<latitude>-7.316340269394678</latitude>
						<altitude>0</altitude>
						<heading>-3.881681088048749</heading>
						<tilt>24.72392248034851</tilt>
						<range>190.5664655470889</range>
						<gx:altitudeMode>relativeToSeaFloor</gx:altitudeMode>
					</LookAt>
					<styleUrl>#myicon_12131002010011956</styleUrl>
					<Point>
						<gx:drawOrder>1</gx:drawOrder>
						<coordinates>112.7569701200743,-7.316568607071668,0</coordinates>
					</Point>
				</Placemark>
				<Placemark>
					<name>TE</name>
					<visibility>0</visibility>
					<LookAt>
						<longitude>112.7561785740767</longitude>
						<latitude>-7.316782917754265</latitude>
						<altitude>0</altitude>
						<heading>-1.192708005548819e-15</heading>
						<tilt>0</tilt>
						<range>283.5463597341944</range>
						<gx:altitudeMode>relativeToSeaFloor</gx:altitudeMode>
					</LookAt>
					<styleUrl>#myicon_12131002010011956</styleUrl>
					<Point>
						<gx:drawOrder>1</gx:drawOrder>
						<coordinates>112.7569338960366,-7.316999608592005,0</coordinates>
					</Point>
				</Placemark>
				<Placemark>
					<name>TE</name>
					<visibility>0</visibility>
					<LookAt>
						<longitude>112.7561785740767</longitude>
						<latitude>-7.316782917754265</latitude>
						<altitude>0</altitude>
						<heading>-1.192708005548819e-15</heading>
						<tilt>0</tilt>
						<range>283.5463597341944</range>
						<gx:altitudeMode>relativeToSeaFloor</gx:altitudeMode>
					</LookAt>
					<styleUrl>#myicon_12131002010011956</styleUrl>
					<Point>
						<gx:drawOrder>1</gx:drawOrder>
						<coordinates>112.756608853849,-7.316967897828047,0</coordinates>
					</Point>
				</Placemark>
				<Placemark>
					<name>TE</name>
					<visibility>0</visibility>
					<LookAt>
						<longitude>112.7561785740767</longitude>
						<latitude>-7.316782917754265</latitude>
						<altitude>0</altitude>
						<heading>-1.192708005548819e-15</heading>
						<tilt>0</tilt>
						<range>283.5463597341944</range>
						<gx:altitudeMode>relativeToSeaFloor</gx:altitudeMode>
					</LookAt>
					<styleUrl>#myicon_12131002010011956</styleUrl>
					<Point>
						<gx:drawOrder>1</gx:drawOrder>
						<coordinates>112.7563930477803,-7.31692561670209,0</coordinates>
					</Point>
				</Placemark>
				<Placemark>
					<name>TE</name>
					<visibility>0</visibility>
					<LookAt>
						<longitude>112.7558588616803</longitude>
						<latitude>-7.316767062118314</latitude>
						<altitude>0</altitude>
						<heading>1.152951072030525e-14</heading>
						<tilt>0</tilt>
						<range>283.5463597329761</range>
						<gx:altitudeMode>relativeToSeaFloor</gx:altitudeMode>
					</LookAt>
					<styleUrl>#myicon_12131002010011956</styleUrl>
					<Point>
						<gx:drawOrder>1</gx:drawOrder>
						<coordinates>112.7560014000749,-7.316891263062091,0</coordinates>
					</Point>
				</Placemark>
				<Placemark>
					<name>TE</name>
					<visibility>0</visibility>
					<LookAt>
						<longitude>112.7555151708926</longitude>
						<latitude>-7.316814628330053</latitude>
						<altitude>0</altitude>
						<heading>4.377303624315236e-05</heading>
						<tilt>0</tilt>
						<range>283.5463597332898</range>
						<gx:altitudeMode>relativeToSeaFloor</gx:altitudeMode>
					</LookAt>
					<styleUrl>#myicon_12131002010011956</styleUrl>
					<Point>
						<gx:drawOrder>1</gx:drawOrder>
						<coordinates>112.7557669442901,-7.31685162448655,0</coordinates>
					</Point>
				</Placemark>
				<Placemark>
					<name>TE</name>
					<visibility>0</visibility>
					<LookAt>
						<longitude>112.754955673836</longitude>
						<latitude>-7.316827840449705</latitude>
						<altitude>0</altitude>
						<heading>0.0001150282653075459</heading>
						<tilt>0</tilt>
						<range>283.5463597319564</range>
						<gx:altitudeMode>relativeToSeaFloor</gx:altitudeMode>
					</LookAt>
					<styleUrl>#myicon_12131002010011956</styleUrl>
					<Point>
						<gx:drawOrder>1</gx:drawOrder>
						<coordinates>112.7552740540614,-7.316793487507547,0</coordinates>
					</Point>
				</Placemark>
				<Placemark>
					<name>TE</name>
					<visibility>0</visibility>
					<LookAt>
						<longitude>112.7548051815908</longitude>
						<latitude>-7.31701994231118</latitude>
						<altitude>0</altitude>
						<heading>6.628660245180072e-05</heading>
						<tilt>0</tilt>
						<range>297.7988934420164</range>
						<gx:altitudeMode>relativeToSeaFloor</gx:altitudeMode>
					</LookAt>
					<styleUrl>#myicon_12131002010011956</styleUrl>
					<Point>
						<gx:drawOrder>1</gx:drawOrder>
						<coordinates>112.7548261678348,-7.317180915722342,0</coordinates>
					</Point>
				</Placemark>
				<Placemark>
					<name>TE</name>
					<visibility>0</visibility>
					<LookAt>
						<longitude>112.755180139155</longitude>
						<latitude>-7.317075450710386</latitude>
						<altitude>0</altitude>
						<heading>1.852998354499081e-05</heading>
						<tilt>0</tilt>
						<range>297.7988934442577</range>
						<gx:altitudeMode>relativeToSeaFloor</gx:altitudeMode>
					</LookAt>
					<styleUrl>#myicon_12131002010011956</styleUrl>
					<Point>
						<gx:drawOrder>1</gx:drawOrder>
						<coordinates>112.7553969989751,-7.317261402776681,0</coordinates>
					</Point>
				</Placemark>
				<Placemark>
					<name>TE</name>
					<visibility>0</visibility>
					<LookAt>
						<longitude>112.755180139155</longitude>
						<latitude>-7.317075450710386</latitude>
						<altitude>0</altitude>
						<heading>1.852998354499081e-05</heading>
						<tilt>0</tilt>
						<range>297.7988934442577</range>
						<gx:altitudeMode>relativeToSeaFloor</gx:altitudeMode>
					</LookAt>
					<styleUrl>#myicon_12131002010011956</styleUrl>
					<Point>
						<gx:drawOrder>1</gx:drawOrder>
						<coordinates>112.7551647490532,-7.317228097886503,0</coordinates>
					</Point>
				</Placemark>
				<Placemark>
					<name>TE</name>
					<visibility>0</visibility>
					<LookAt>
						<longitude>112.7554823439497</longitude>
						<latitude>-7.31711153113892</latitude>
						<altitude>0</altitude>
						<heading>-1.996076458676782e-05</heading>
						<tilt>0</tilt>
						<range>297.7988934423156</range>
						<gx:altitudeMode>relativeToSeaFloor</gx:altitudeMode>
					</LookAt>
					<styleUrl>#myicon_12131002010011956</styleUrl>
					<Point>
						<gx:drawOrder>1</gx:drawOrder>
						<coordinates>112.7560993461498,-7.317344664681968,0</coordinates>
					</Point>
				</Placemark>
				<Placemark>
					<name>TE</name>
					<visibility>0</visibility>
					<LookAt>
						<longitude>112.7555722982286</longitude>
						<latitude>-7.317101224908695</latitude>
						<altitude>0</altitude>
						<heading>7.553817368475852e-15</heading>
						<tilt>0</tilt>
						<range>418.7586837351363</range>
						<gx:altitudeMode>relativeToSeaFloor</gx:altitudeMode>
					</LookAt>
					<styleUrl>#myicon_12131002010011956</styleUrl>
					<Point>
						<gx:drawOrder>1</gx:drawOrder>
						<coordinates>112.7567822412655,-7.317409538859313,0</coordinates>
					</Point>
				</Placemark>
				<Placemark>
					<name>TE</name>
					<visibility>0</visibility>
					<LookAt>
						<longitude>112.7556210145344</longitude>
						<latitude>-7.317828253652328</latitude>
						<altitude>0</altitude>
						<heading>6.758678698109972e-15</heading>
						<tilt>0</tilt>
						<range>345.8321888901449</range>
						<gx:altitudeMode>relativeToSeaFloor</gx:altitudeMode>
					</LookAt>
					<styleUrl>#myicon_12131002010011956</styleUrl>
					<Point>
						<gx:drawOrder>1</gx:drawOrder>
						<coordinates>112.7567112348655,-7.317883044541068,0</coordinates>
					</Point>
				</Placemark>
				<Placemark>
					<name>TE</name>
					<visibility>0</visibility>
					<LookAt>
						<longitude>112.7556210145344</longitude>
						<latitude>-7.317828253652328</latitude>
						<altitude>0</altitude>
						<heading>6.758678698109972e-15</heading>
						<tilt>0</tilt>
						<range>345.8321888901449</range>
						<gx:altitudeMode>relativeToSeaFloor</gx:altitudeMode>
					</LookAt>
					<styleUrl>#myicon_12131002010011956</styleUrl>
					<Point>
						<gx:drawOrder>1</gx:drawOrder>
						<coordinates>112.75622380258,-7.317828253251736,0</coordinates>
					</Point>
				</Placemark>
				<Placemark>
					<name>TE</name>
					<visibility>0</visibility>
					<LookAt>
						<longitude>112.7556210145344</longitude>
						<latitude>-7.317828253652328</latitude>
						<altitude>0</altitude>
						<heading>6.758678698109972e-15</heading>
						<tilt>0</tilt>
						<range>345.8321888901449</range>
						<gx:altitudeMode>relativeToSeaFloor</gx:altitudeMode>
					</LookAt>
					<styleUrl>#myicon_12131002010011956</styleUrl>
					<Point>
						<gx:drawOrder>1</gx:drawOrder>
						<coordinates>112.755801363347,-7.317808915254481,0</coordinates>
					</Point>
				</Placemark>
				<Placemark>
					<name>TE</name>
					<visibility>0</visibility>
					<LookAt>
						<longitude>112.7551141526221</longitude>
						<latitude>-7.317903900594149</latitude>
						<altitude>0</altitude>
						<heading>-5.963540027744095e-15</heading>
						<tilt>0</tilt>
						<range>418.1744408324574</range>
						<gx:altitudeMode>relativeToSeaFloor</gx:altitudeMode>
					</LookAt>
					<styleUrl>#myicon_12131002010011956</styleUrl>
					<Point>
						<gx:drawOrder>1</gx:drawOrder>
						<coordinates>112.7551121879852,-7.31772462616743,0</coordinates>
					</Point>
				</Placemark>
				<Placemark>
					<name>TE</name>
					<visibility>0</visibility>
					<LookAt>
						<gx:TimeStamp><when>2015-04-11T08:07:03Z</when>
</gx:TimeStamp>
						<longitude>112.7553749812909</longitude>
						<latitude>-7.317806117977034</latitude>
						<altitude>0</altitude>
						<heading>-3.88157263879148</heading>
						<tilt>30.00108432222325</tilt>
						<range>241.4741979684414</range>
						<gx:altitudeMode>relativeToSeaFloor</gx:altitudeMode>
					</LookAt>
					<styleUrl>#myicon_12131002010011956</styleUrl>
					<Point>
						<gx:drawOrder>1</gx:drawOrder>
						<coordinates>112.7550632829702,-7.318184483181004,0</coordinates>
					</Point>
				</Placemark>
				<Placemark>
					<name>TE</name>
					<visibility>0</visibility>
					<LookAt>
						<longitude>112.7554324249194</longitude>
						<latitude>-7.318024716441812</latitude>
						<altitude>0</altitude>
						<heading>-4.054138051754772e-05</heading>
						<tilt>0</tilt>
						<range>418.1744408324681</range>
						<gx:altitudeMode>relativeToSeaFloor</gx:altitudeMode>
					</LookAt>
					<styleUrl>#myicon_12131002010011956</styleUrl>
					<Point>
						<gx:drawOrder>1</gx:drawOrder>
						<coordinates>112.7556387122588,-7.318278038844094,0</coordinates>
					</Point>
				</Placemark>
				<Placemark>
					<name>TE</name>
					<visibility>0</visibility>
					<LookAt>
						<gx:TimeStamp><when>2015-04-11T08:07:03Z</when>
</gx:TimeStamp>
						<longitude>112.7561684621573</longitude>
						<latitude>-7.317612178187005</latitude>
						<altitude>0</altitude>
						<heading>-3.881662684431241</heading>
						<tilt>29.55854372538538</tilt>
						<range>320.550539603515</range>
						<gx:altitudeMode>relativeToSeaFloor</gx:altitudeMode>
					</LookAt>
					<styleUrl>#myicon_12131002010011956</styleUrl>
					<Point>
						<gx:drawOrder>1</gx:drawOrder>
						<coordinates>112.7561807429572,-7.318289734465227,0</coordinates>
					</Point>
				</Placemark>
				<Placemark>
					<name>TE</name>
					<visibility>0</visibility>
					<LookAt>
						<gx:TimeStamp><when>2015-04-11T08:07:03Z</when>
</gx:TimeStamp>
						<longitude>112.7561684621573</longitude>
						<latitude>-7.317612178187005</latitude>
						<altitude>0</altitude>
						<heading>-3.881662684431241</heading>
						<tilt>29.55854372538538</tilt>
						<range>320.550539603515</range>
						<gx:altitudeMode>relativeToSeaFloor</gx:altitudeMode>
					</LookAt>
					<styleUrl>#myicon_12131002010011956</styleUrl>
					<Point>
						<gx:drawOrder>1</gx:drawOrder>
						<coordinates>112.7566653192025,-7.31834159273653,0</coordinates>
					</Point>
				</Placemark>
				<Placemark>
					<name>TE</name>
					<visibility>0</visibility>
					<LookAt>
						<longitude>112.7567290879853</longitude>
						<latitude>-7.318087070250712</latitude>
						<altitude>0</altitude>
						<heading>-0.0002057157134111686</heading>
						<tilt>0</tilt>
						<range>418.1744408320045</range>
						<gx:altitudeMode>relativeToSeaFloor</gx:altitudeMode>
					</LookAt>
					<styleUrl>#myicon_12131002010011956</styleUrl>
					<Point>
						<gx:drawOrder>1</gx:drawOrder>
						<coordinates>112.7573440220174,-7.318402746837426,0</coordinates>
					</Point>
				</Placemark>
				<Placemark>
					<name>TE</name>
					<visibility>0</visibility>
					<LookAt>
						<longitude>112.7567290879853</longitude>
						<latitude>-7.318087070250712</latitude>
						<altitude>0</altitude>
						<heading>-0.0002057157134111686</heading>
						<tilt>0</tilt>
						<range>418.1744408320045</range>
						<gx:altitudeMode>relativeToSeaFloor</gx:altitudeMode>
					</LookAt>
					<styleUrl>#myicon_12131002010011956</styleUrl>
					<Point>
						<gx:drawOrder>1</gx:drawOrder>
						<coordinates>112.7573754541842,-7.318001327475082,0</coordinates>
					</Point>
				</Placemark>
				<Placemark>
					<name>TE</name>
					<visibility>0</visibility>
					<LookAt>
						<longitude>112.7566190674412</longitude>
						<latitude>-7.317853234418442</latitude>
						<altitude>0</altitude>
						<heading>-0.0001917036346856658</heading>
						<tilt>0</tilt>
						<range>418.174440832767</range>
						<gx:altitudeMode>relativeToSeaFloor</gx:altitudeMode>
					</LookAt>
					<styleUrl>#myicon_12131002010011956</styleUrl>
					<Point>
						<gx:drawOrder>1</gx:drawOrder>
						<coordinates>112.7574108151969,-7.317338790448583,0</coordinates>
					</Point>
				</Placemark>
				<Placemark>
					<name>TE</name>
					<visibility>0</visibility>
					<LookAt>
						<longitude>112.7578352536272</longitude>
						<latitude>-7.316844128957474</latitude>
						<altitude>0</altitude>
						<heading>0.001497491621635809</heading>
						<tilt>28.24511874626295</tilt>
						<range>254.6555992062341</range>
						<gx:altitudeMode>relativeToSeaFloor</gx:altitudeMode>
					</LookAt>
					<styleUrl>#myicon_12131002010011956</styleUrl>
					<Point>
						<gx:drawOrder>1</gx:drawOrder>
						<coordinates>112.7574810186978,-7.317058707774925,0</coordinates>
					</Point>
				</Placemark>
				<Placemark>
					<name>TE</name>
					<visibility>0</visibility>
					<LookAt>
						<longitude>112.7572472133867</longitude>
						<latitude>-7.316774187382892</latitude>
						<altitude>0</altitude>
						<heading>-9.93923337957349e-15</heading>
						<tilt>0</tilt>
						<range>394.3952503401551</range>
						<gx:altitudeMode>relativeToSeaFloor</gx:altitudeMode>
					</LookAt>
					<styleUrl>#myicon_12131002010011956</styleUrl>
					<Point>
						<gx:drawOrder>1</gx:drawOrder>
						<coordinates>112.7575529442977,-7.31650954006497,0</coordinates>
					</Point>
				</Placemark>
				<Placemark>
					<name>TE</name>
					<visibility>0</visibility>
					<LookAt>
						<longitude>112.7572472133867</longitude>
						<latitude>-7.316774187382892</latitude>
						<altitude>0</altitude>
						<heading>-9.93923337957349e-15</heading>
						<tilt>0</tilt>
						<range>394.3952503401551</range>
						<gx:altitudeMode>relativeToSeaFloor</gx:altitudeMode>
					</LookAt>
					<styleUrl>#myicon_12131002010011956</styleUrl>
					<Point>
						<gx:drawOrder>1</gx:drawOrder>
						<coordinates>112.7576344726383,-7.316042730763003,0</coordinates>
					</Point>
				</Placemark>
				<Placemark>
					<name>TE</name>
					<visibility>0</visibility>
					<LookAt>
						<gx:TimeStamp><when>2015-04-11T08:07:03Z</when>
</gx:TimeStamp>
						<longitude>112.7576923868814</longitude>
						<latitude>-7.315039868645101</latitude>
						<altitude>0</altitude>
						<heading>-3.881798058926344</heading>
						<tilt>29.53260596540721</tilt>
						<range>192.9876575669178</range>
						<gx:altitudeMode>relativeToSeaFloor</gx:altitudeMode>
					</LookAt>
					<styleUrl>#myicon_12131002010011956</styleUrl>
					<Point>
						<gx:drawOrder>1</gx:drawOrder>
						<coordinates>112.7573340816172,-7.315073876278541,0</coordinates>
					</Point>
				</Placemark>
				<Placemark>
					<name>TE</name>
					<visibility>0</visibility>
					<LookAt>
						<gx:TimeStamp><when>2015-04-11T08:07:03Z</when>
</gx:TimeStamp>
						<longitude>112.7585156179479</longitude>
						<latitude>-7.314041284843793</latitude>
						<altitude>0</altitude>
						<heading>-16.8908980759438</heading>
						<tilt>23.53069578513701</tilt>
						<range>263.1305204032867</range>
						<gx:altitudeMode>relativeToSeaFloor</gx:altitudeMode>
					</LookAt>
					<styleUrl>#myicon_12131002010011956</styleUrl>
					<Point>
						<gx:drawOrder>1</gx:drawOrder>
						<coordinates>112.7579132085841,-7.314439425562097,0</coordinates>
					</Point>
				</Placemark>
				<Placemark>
					<name>TE</name>
					<visibility>0</visibility>
					<LookAt>
						<longitude>112.7586529722684</longitude>
						<latitude>-7.314672030951177</latitude>
						<altitude>0</altitude>
						<heading>5.168401357378214e-15</heading>
						<tilt>0</tilt>
						<range>405.0586786851118</range>
						<gx:altitudeMode>relativeToSeaFloor</gx:altitudeMode>
					</LookAt>
					<styleUrl>#myicon_12131002010011956</styleUrl>
					<Point>
						<gx:drawOrder>1</gx:drawOrder>
						<coordinates>112.7590697304981,-7.3148192571751,0</coordinates>
					</Point>
				</Placemark>
				<Placemark>
					<name>TE</name>
					<visibility>0</visibility>
					<LookAt>
						<gx:TimeStamp><when>2015-04-11T08:07:03Z</when>
</gx:TimeStamp>
						<longitude>112.7592700059349</longitude>
						<latitude>-7.315177620863418</latitude>
						<altitude>0</altitude>
						<heading>-16.89099413779265</heading>
						<tilt>23.53069578513703</tilt>
						<range>263.1305204082697</range>
						<gx:altitudeMode>relativeToSeaFloor</gx:altitudeMode>
					</LookAt>
					<styleUrl>#myicon_12131002010011956</styleUrl>
					<Point>
						<gx:drawOrder>1</gx:drawOrder>
						<coordinates>112.7597889481661,-7.315099145357094,0</coordinates>
					</Point>
				</Placemark>
				<Placemark>
					<name>TE</name>
					<visibility>0</visibility>
					<LookAt>
						<longitude>112.7586750647512</longitude>
						<latitude>-7.316499126799013</latitude>
						<altitude>0</altitude>
						<heading>1.749305074804934e-14</heading>
						<tilt>0</tilt>
						<range>280.7116714943662</range>
						<gx:altitudeMode>relativeToSeaFloor</gx:altitudeMode>
					</LookAt>
					<styleUrl>#myicon_12131002010011956</styleUrl>
					<Point>
						<gx:drawOrder>1</gx:drawOrder>
						<coordinates>112.758924320982,-7.316577611392222,0</coordinates>
					</Point>
				</Placemark>
				<Placemark>
					<name>TE</name>
					<visibility>0</visibility>
					<LookAt>
						<longitude>112.7585326326676</longitude>
						<latitude>-7.316399712849266</latitude>
						<altitude>0</altitude>
						<heading>1.813881858425611e-05</heading>
						<tilt>0</tilt>
						<range>280.7116714922357</range>
						<gx:altitudeMode>relativeToSeaFloor</gx:altitudeMode>
					</LookAt>
					<styleUrl>#myicon_12131002010011956</styleUrl>
					<Point>
						<gx:drawOrder>1</gx:drawOrder>
						<coordinates>112.7585313138633,-7.316365702836779,0</coordinates>
					</Point>
				</Placemark>
				<Placemark>
					<name>TE</name>
					<visibility>0</visibility>
					<LookAt>
						<longitude>112.7577074546484</longitude>
						<latitude>-7.316118103084981</latitude>
						<altitude>0</altitude>
						<heading>4.122122378253371e-05</heading>
						<tilt>0</tilt>
						<range>97.86850427423941</range>
						<gx:altitudeMode>relativeToSeaFloor</gx:altitudeMode>
					</LookAt>
					<styleUrl>#myicon_12131002010011956</styleUrl>
					<Point>
						<gx:drawOrder>1</gx:drawOrder>
						<coordinates>112.7578725218618,-7.31603783770798,2.086326851922788</coordinates>
					</Point>
				</Placemark>
				<Placemark>
					<name>TE</name>
					<visibility>0</visibility>
					<LookAt>
						<longitude>112.7580027508118</longitude>
						<latitude>-7.316215351385869</latitude>
						<altitude>0</altitude>
						<heading>4.546037406857122e-05</heading>
						<tilt>0</tilt>
						<range>213.4136424911854</range>
						<gx:altitudeMode>relativeToSeaFloor</gx:altitudeMode>
					</LookAt>
					<styleUrl>#myicon_12131002010011956</styleUrl>
					<Point>
						<gx:drawOrder>1</gx:drawOrder>
						<coordinates>112.758106,-7.316147726951543,0</coordinates>
					</Point>
				</Placemark>
				<Placemark>
					<name>TE</name>
					<visibility>0</visibility>
					<LookAt>
						<longitude>112.7580027508118</longitude>
						<latitude>-7.316215351385869</latitude>
						<altitude>0</altitude>
						<heading>4.546037406857122e-05</heading>
						<tilt>0</tilt>
						<range>213.4136424911854</range>
						<gx:altitudeMode>relativeToSeaFloor</gx:altitudeMode>
					</LookAt>
					<styleUrl>#myicon_12131002010011956</styleUrl>
					<Point>
						<gx:drawOrder>1</gx:drawOrder>
						<coordinates>112.7583185828602,-7.316261097532922,0</coordinates>
					</Point>
				</Placemark>
				<Placemark>
					<name>TE</name>
					<visibility>0</visibility>
					<LookAt>
						<longitude>112.7549047839349</longitude>
						<latitude>-7.316922440017282</latitude>
						<altitude>0</altitude>
						<heading>8.974453990190049e-05</heading>
						<tilt>0</tilt>
						<range>337.8040023182397</range>
						<gx:altitudeMode>relativeToSeaFloor</gx:altitudeMode>
					</LookAt>
					<styleUrl>#myicon_12131002010011956</styleUrl>
					<Point>
						<gx:drawOrder>1</gx:drawOrder>
						<coordinates>112.7550587270712,-7.316979108546853,0</coordinates>
					</Point>
				</Placemark>
				<Placemark>
					<name>TE</name>
					<visibility>0</visibility>
					<LookAt>
						<longitude>112.7552827007286</longitude>
						<latitude>-7.317031278121958</latitude>
						<altitude>0</altitude>
						<heading>-2.336590751554586e-05</heading>
						<tilt>4.072630606986142</tilt>
						<range>420.198735875684</range>
						<gx:altitudeMode>relativeToSeaFloor</gx:altitudeMode>
					</LookAt>
					<styleUrl>#myicon_12131002010011956</styleUrl>
					<Point>
						<gx:drawOrder>1</gx:drawOrder>
						<coordinates>112.7557718786971,-7.317289139703292,0</coordinates>
					</Point>
				</Placemark>
				<Placemark>
					<name>TE</name>
					<visibility>0</visibility>
					<LookAt>
						<longitude>112.7552827007286</longitude>
						<latitude>-7.317031278121958</latitude>
						<altitude>0</altitude>
						<heading>-2.336590751554586e-05</heading>
						<tilt>4.072630606986142</tilt>
						<range>420.198735875684</range>
						<gx:altitudeMode>relativeToSeaFloor</gx:altitudeMode>
					</LookAt>
					<styleUrl>#myicon_12131002010011956</styleUrl>
					<Point>
						<gx:drawOrder>1</gx:drawOrder>
						<coordinates>112.7564730983367,-7.317382287201512,0</coordinates>
					</Point>
				</Placemark>
				<Placemark>
					<name>TE</name>
					<visibility>0</visibility>
					<LookAt>
						<longitude>112.7547627635752</longitude>
						<latitude>-7.317717444424497</latitude>
						<altitude>0</altitude>
						<heading>8.74652537402467e-15</heading>
						<tilt>0</tilt>
						<range>348.7911988431634</range>
						<gx:altitudeMode>relativeToSeaFloor</gx:altitudeMode>
					</LookAt>
					<styleUrl>#myicon_12131002010011956</styleUrl>
					<Point>
						<gx:drawOrder>1</gx:drawOrder>
						<coordinates>112.7546628049934,-7.317684938040597,0</coordinates>
					</Point>
				</Placemark>
				<Placemark>
					<name>TE</name>
					<visibility>0</visibility>
					<LookAt>
						<longitude>112.7547627635752</longitude>
						<latitude>-7.317717444424497</latitude>
						<altitude>0</altitude>
						<heading>8.74652537402467e-15</heading>
						<tilt>0</tilt>
						<range>348.7911988431634</range>
						<gx:altitudeMode>relativeToSeaFloor</gx:altitudeMode>
					</LookAt>
					<styleUrl>#myicon_12131002010011956</styleUrl>
					<Point>
						<gx:drawOrder>1</gx:drawOrder>
						<coordinates>112.754607090108,-7.318179035187256,0</coordinates>
					</Point>
				</Placemark>
				<Placemark>
					<name>TE</name>
					<visibility>0</visibility>
					<LookAt>
						<longitude>112.7561579944478</longitude>
						<latitude>-7.31835061207188</latitude>
						<altitude>0</altitude>
						<heading>-2.517279687039521e-05</heading>
						<tilt>0</tilt>
						<range>350.5570043806968</range>
						<gx:altitudeMode>relativeToSeaFloor</gx:altitudeMode>
					</LookAt>
					<styleUrl>#myicon_12131002010011956</styleUrl>
					<Point>
						<gx:drawOrder>1</gx:drawOrder>
						<coordinates>112.7569995946009,-7.318389816128158,0</coordinates>
					</Point>
				</Placemark>
				<Placemark>
					<name>TE</name>
					<visibility>0</visibility>
					<LookAt>
						<longitude>112.7569327949836</longitude>
						<latitude>-7.317864818267746</latitude>
						<altitude>0</altitude>
						<heading>-1.113194138512231e-14</heading>
						<tilt>0</tilt>
						<range>428.571054214681</range>
						<gx:altitudeMode>relativeToSeaFloor</gx:altitudeMode>
					</LookAt>
					<styleUrl>#myicon_12131002010011956</styleUrl>
					<Point>
						<gx:drawOrder>1</gx:drawOrder>
						<coordinates>112.7573898554232,-7.317657121438173,0</coordinates>
					</Point>
				</Placemark>
				<Placemark>
					<name>TE</name>
					<visibility>0</visibility>
					<LookAt>
						<longitude>112.7515439676482</longitude>
						<latitude>-7.317166732016196</latitude>
						<altitude>0</altitude>
						<heading>0.0001157314187977605</heading>
						<tilt>0</tilt>
						<range>612.0394491044366</range>
						<gx:altitudeMode>relativeToSeaFloor</gx:altitudeMode>
					</LookAt>
					<styleUrl>#myicon_12131002010011956</styleUrl>
					<Point>
						<gx:drawOrder>1</gx:drawOrder>
						<coordinates>112.7517136174991,-7.317731432370977,0</coordinates>
					</Point>
				</Placemark>
				<Placemark>
					<name>TE</name>
					<visibility>0</visibility>
					<LookAt>
						<longitude>112.7570969285815</longitude>
						<latitude>-7.312982827078803</latitude>
						<altitude>0</altitude>
						<heading>1.630034274250051e-14</heading>
						<tilt>0</tilt>
						<range>544.8252124582228</range>
						<gx:altitudeMode>relativeToSeaFloor</gx:altitudeMode>
					</LookAt>
					<styleUrl>#myicon_12131002010011956</styleUrl>
					<Point>
						<gx:drawOrder>1</gx:drawOrder>
						<coordinates>112.7574117630678,-7.312662936805078,0</coordinates>
					</Point>
				</Placemark>
			</Folder>
			<Folder>
				<name>TB</name>
				<visibility>0</visibility>
				<Placemark>
					<name>TB</name>
					<visibility>0</visibility>
					<LookAt>
						<longitude>112.7574456145926</longitude>
						<latitude>-7.316217551991215</latitude>
						<altitude>0</altitude>
						<heading>7.4565156789528e-05</heading>
						<tilt>0</tilt>
						<range>244.5437737665937</range>
						<gx:altitudeMode>relativeToSeaFloor</gx:altitudeMode>
					</LookAt>
					<styleUrl>#myicon_12131002010011956</styleUrl>
					<Point>
						<gx:drawOrder>1</gx:drawOrder>
						<coordinates>112.7578672589423,-7.316203877849278,0</coordinates>
					</Point>
				</Placemark>
			</Folder>
		</Folder>
		<Folder>
			<name>GALIAN</name>
			<visibility>0</visibility>
			<Folder>
				<name>SUB DUCT DROPCORE</name>
				<visibility>0</visibility>
				<Placemark>
					<name>Untitled Path</name>
					<visibility>0</visibility>
					<styleUrl>#msn_ylw-pushpin1</styleUrl>
					<LineString>
						<tessellate>1</tessellate>
						<coordinates>
							112.7604249100201,-7.315240453376537,0 112.7605925778947,-7.315271823756975,0 
						</coordinates>
					</LineString>
				</Placemark>
				<Placemark>
					<name>Untitled Path</name>
					<visibility>0</visibility>
					<styleUrl>#msn_ylw-pushpin1</styleUrl>
					<LineString>
						<tessellate>1</tessellate>
						<coordinates>
							112.7604054584988,-7.315307809760103,0 112.760895087695,-7.315386304139716,0 
						</coordinates>
					</LineString>
				</Placemark>
				<Placemark>
					<name>Untitled Path</name>
					<visibility>0</visibility>
					<styleUrl>#msn_ylw-pushpin1</styleUrl>
					<LineString>
						<tessellate>1</tessellate>
						<coordinates>
							112.7602664054325,-7.315683913824846,0 112.7608387306528,-7.31576437682043,0 
						</coordinates>
					</LineString>
				</Placemark>
				<Placemark>
					<name>Untitled Path</name>
					<visibility>0</visibility>
					<styleUrl>#msn_ylw-pushpin1</styleUrl>
					<LineString>
						<tessellate>1</tessellate>
						<coordinates>
							112.7602431334377,-7.315744035209024,0 112.7607353986996,-7.315816583885693,0 
						</coordinates>
					</LineString>
				</Placemark>
				<Placemark>
					<name>Untitled Path</name>
					<visibility>0</visibility>
					<styleUrl>#msn_ylw-pushpin1</styleUrl>
					<LineString>
						<tessellate>1</tessellate>
						<coordinates>
							112.7601623087754,-7.316110746605277,0 112.760741260643,-7.316204158033233,0 
						</coordinates>
					</LineString>
				</Placemark>
				<Placemark>
					<name>Untitled Path</name>
					<visibility>0</visibility>
					<styleUrl>#msn_ylw-pushpin1</styleUrl>
					<LineString>
						<tessellate>1</tessellate>
						<coordinates>
							112.7601686813613,-7.316152525287025,0 112.7607277195757,-7.316252788584069,0 
						</coordinates>
					</LineString>
				</Placemark>
				<Placemark>
					<name>Untitled Path</name>
					<visibility>0</visibility>
					<styleUrl>#msn_ylw-pushpin1</styleUrl>
					<LineString>
						<tessellate>1</tessellate>
						<coordinates>
							112.7608882593364,-7.316238674167044,0 112.7608249242014,-7.316495927580526,0 
						</coordinates>
					</LineString>
				</Placemark>
				<Placemark>
					<name>Untitled Path</name>
					<visibility>0</visibility>
					<styleUrl>#msn_ylw-pushpin1</styleUrl>
					<LineString>
						<tessellate>1</tessellate>
						<coordinates>
							112.7600953503434,-7.31654363901959,0 112.7606254860363,-7.316640688506482,0 
						</coordinates>
					</LineString>
				</Placemark>
				<Placemark>
					<name>Untitled Path</name>
					<visibility>0</visibility>
					<styleUrl>#msn_ylw-pushpin1</styleUrl>
					<LineString>
						<tessellate>1</tessellate>
						<coordinates>
							112.760076184929,-7.316591274067296,0 112.7606459110305,-7.316701051237558,0 
						</coordinates>
					</LineString>
				</Placemark>
				<Placemark>
					<name>Untitled Path</name>
					<visibility>0</visibility>
					<styleUrl>#msn_ylw-pushpin1</styleUrl>
					<LineString>
						<tessellate>1</tessellate>
						<coordinates>
							112.7600183223583,-7.316799198042499,0 112.7600558563814,-7.316597381616954,0 
						</coordinates>
					</LineString>
				</Placemark>
				<Placemark>
					<name>Untitled Path</name>
					<visibility>0</visibility>
					<styleUrl>#msn_ylw-pushpin1</styleUrl>
					<LineString>
						<tessellate>1</tessellate>
						<coordinates>
							112.7597729748495,-7.316587360727326,0 112.7597627374214,-7.316716411325916,0 112.7587647745985,-7.316984023073906,0 112.7586051149267,-7.316947964231186,0 112.7580101733871,-7.316635390819754,0 112.7578418486596,-7.316308693946621,0 
						</coordinates>
					</LineString>
				</Placemark>
				<Placemark>
					<name>Untitled Path</name>
					<visibility>0</visibility>
					<styleUrl>#msn_ylw-pushpin1</styleUrl>
					<LineString>
						<tessellate>1</tessellate>
						<coordinates>
							112.7584086317705,-7.316910960223542,0 112.7579927244628,-7.316940331395501,0 
						</coordinates>
					</LineString>
				</Placemark>
				<Placemark>
					<name>Untitled Path</name>
					<visibility>0</visibility>
					<styleUrl>#msn_ylw-pushpin1</styleUrl>
					<LineString>
						<tessellate>1</tessellate>
						<coordinates>
							112.7578937609523,-7.316565711412009,0 112.7579342963393,-7.316684562424729,0 112.7579084916535,-7.317083900406503,0 
						</coordinates>
					</LineString>
				</Placemark>
			</Folder>
			<Folder>
				<name>HH PIT</name>
				<visibility>0</visibility>
				<Placemark>
					<name>HH-RKT-FKT-D5-01</name>
					<visibility>0</visibility>
					<description>HH-RKT-FKT-D5-01
HH-PIT-40
S  -7.316437°
E 112.757907°</description>
					<Camera>
						<longitude>112.7572569844556</longitude>
						<latitude>-7.316921203961456</latitude>
						<altitude>176.7888918758019</altitude>
						<heading>101.8033404562521</heading>
						<tilt>28.45254410286562</tilt>
						<roll>9.184407638831329</roll>
						<gx:altitudeMode>relativeToSeaFloor</gx:altitudeMode>
					</Camera>
					<styleUrl>#msn_square0</styleUrl>
					<Point>
						<gx:drawOrder>1</gx:drawOrder>
						<coordinates>112.757907,-7.316437,0</coordinates>
					</Point>
				</Placemark>
				<Placemark>
					<name>HH-RKT-FKT-D5-02</name>
					<visibility>0</visibility>
					<description>HH-RKT-FKT-D5-02
HH-PIT-40
S -7.316638°
E 112.757997°</description>
					<Camera>
						<longitude>112.7572569844556</longitude>
						<latitude>-7.316921203961456</latitude>
						<altitude>176.7888918758019</altitude>
						<heading>101.8033404562521</heading>
						<tilt>28.45254410286562</tilt>
						<roll>9.184407638831329</roll>
						<gx:altitudeMode>relativeToSeaFloor</gx:altitudeMode>
					</Camera>
					<styleUrl>#msn_square0</styleUrl>
					<Point>
						<gx:drawOrder>1</gx:drawOrder>
						<coordinates>112.757997,-7.316638,0</coordinates>
					</Point>
				</Placemark>
				<Placemark>
					<name>HH-RKT-FKT-D5-03</name>
					<visibility>0</visibility>
					<description>HH-RKT-FKT-D5-03
HH-PIT-40
S -7.316723°
E 112.758135°</description>
					<Camera>
						<longitude>112.7574582272085</longitude>
						<latitude>-7.316476622806611</latitude>
						<altitude>151.4708212350434</altitude>
						<heading>101.4630372407457</heading>
						<tilt>29.4889606511295</tilt>
						<roll>8.886967154071989</roll>
						<gx:altitudeMode>relativeToSeaFloor</gx:altitudeMode>
					</Camera>
					<styleUrl>#msn_square0</styleUrl>
					<Point>
						<gx:drawOrder>1</gx:drawOrder>
						<coordinates>112.758135,-7.316723,0</coordinates>
					</Point>
				</Placemark>
				<Placemark>
					<name>HH-RKT-FKT-D5-04</name>
					<visibility>0</visibility>
					<description>HH-RKT-FKT-D5-04
HH-PIT-40
S  -7.316800°
E 112.758283°</description>
					<Camera>
						<longitude>112.7574582272085</longitude>
						<latitude>-7.316476622806611</latitude>
						<altitude>151.4708212350434</altitude>
						<heading>101.4630372407457</heading>
						<tilt>29.4889606511295</tilt>
						<roll>8.886967154071989</roll>
						<gx:altitudeMode>relativeToSeaFloor</gx:altitudeMode>
					</Camera>
					<styleUrl>#msn_square0</styleUrl>
					<Point>
						<gx:drawOrder>1</gx:drawOrder>
						<coordinates>112.758283,-7.3168,0</coordinates>
					</Point>
				</Placemark>
				<Placemark>
					<name>HH-RKT-FKT-D5-05</name>
					<visibility>0</visibility>
					<description>HH-RKT-FKT-D5-05
HH-PIT-40
S  -7.316882°
E 112.758436°</description>
					<Camera>
						<longitude>112.7574836326231</longitude>
						<latitude>-7.316542262279195</latitude>
						<altitude>138.3785825596702</altitude>
						<heading>101.6837336369025</heading>
						<tilt>28.80899726302425</tilt>
						<roll>9.079313822814294</roll>
						<gx:altitudeMode>relativeToSeaFloor</gx:altitudeMode>
					</Camera>
					<styleUrl>#msn_square0</styleUrl>
					<Point>
						<gx:drawOrder>1</gx:drawOrder>
						<coordinates>112.758436,-7.316882,0</coordinates>
					</Point>
				</Placemark>
				<Placemark>
					<name>HH-RKT-FKT-D5-05-01</name>
					<visibility>0</visibility>
					<description>HH-RKT-FKT-D5-05-01
HH-PIT-40
S -7.316932°
E 112.758441°</description>
					<Camera>
						<longitude>112.7569890446246</longitude>
						<latitude>-7.316909880243879</latitude>
						<altitude>206.0033826929262</altitude>
						<heading>101.3033531097847</heading>
						<tilt>29.99994447544617</tilt>
						<roll>8.748039832091532</roll>
						<gx:altitudeMode>relativeToSeaFloor</gx:altitudeMode>
					</Camera>
					<styleUrl>#msn_square0</styleUrl>
					<Point>
						<gx:drawOrder>1</gx:drawOrder>
						<coordinates>112.758441,-7.316932,0</coordinates>
					</Point>
				</Placemark>
				<Placemark>
					<name>HH-RKT-FKT-D5-05-02</name>
					<visibility>0</visibility>
					<description>HH-RKT-FKT-D5-05-02
HH-PIT-40
S  -7.316934°
E 112.758294°</description>
					<Camera>
						<longitude>112.7577625060383</longitude>
						<latitude>-7.316784541655841</latitude>
						<altitude>116.9585288934314</altitude>
						<heading>104.5017861685597</heading>
						<tilt>22.1662206863533</tilt>
						<roll>11.6280005285146</roll>
						<gx:altitudeMode>relativeToSeaFloor</gx:altitudeMode>
					</Camera>
					<styleUrl>#msn_square0</styleUrl>
					<Point>
						<gx:drawOrder>1</gx:drawOrder>
						<coordinates>112.758294,-7.316934,0</coordinates>
					</Point>
				</Placemark>
				<Placemark>
					<name>HH-RKT-FKT-D5-05-03</name>
					<visibility>0</visibility>
					<description>HH-RKT-FKT-D5-05-03
HH-PIT-40
S -7.316938°
E 112.758158°</description>
					<Camera>
						<longitude>112.7577625060383</longitude>
						<latitude>-7.316784541655841</latitude>
						<altitude>116.9585288934314</altitude>
						<heading>104.5017861685597</heading>
						<tilt>22.1662206863533</tilt>
						<roll>11.6280005285146</roll>
						<gx:altitudeMode>relativeToSeaFloor</gx:altitudeMode>
					</Camera>
					<styleUrl>#msn_square0</styleUrl>
					<Point>
						<gx:drawOrder>1</gx:drawOrder>
						<coordinates>112.758158,-7.316938,0</coordinates>
					</Point>
				</Placemark>
				<Placemark>
					<name>HH-RKT-FKT-D5-05-04</name>
					<visibility>0</visibility>
					<description>HH-RKT-FKT-D5-05-04
HH-PIT-40
S -7.316938°
E 112.758050°</description>
					<Camera>
						<longitude>112.7577625060383</longitude>
						<latitude>-7.316784541655841</latitude>
						<altitude>116.9585288934314</altitude>
						<heading>104.5017861685597</heading>
						<tilt>22.1662206863533</tilt>
						<roll>11.6280005285146</roll>
						<gx:altitudeMode>relativeToSeaFloor</gx:altitudeMode>
					</Camera>
					<styleUrl>#msn_square0</styleUrl>
					<Point>
						<gx:drawOrder>1</gx:drawOrder>
						<coordinates>112.75805,-7.316938,0</coordinates>
					</Point>
				</Placemark>
				<Placemark>
					<name>HH-RKT-FKT-D5-05-05</name>
					<visibility>0</visibility>
					<description>HH-RKT-FKT-D5-05-05
HH-PIT-40
S  -7.316942°
E 112.757993°</description>
					<Camera>
						<longitude>112.7577625060383</longitude>
						<latitude>-7.316784541655841</latitude>
						<altitude>116.9585288934314</altitude>
						<heading>104.5017861685597</heading>
						<tilt>22.1662206863533</tilt>
						<roll>11.6280005285146</roll>
						<gx:altitudeMode>relativeToSeaFloor</gx:altitudeMode>
					</Camera>
					<styleUrl>#msn_square0</styleUrl>
					<Point>
						<gx:drawOrder>1</gx:drawOrder>
						<coordinates>112.757993,-7.316941999999999,0</coordinates>
					</Point>
				</Placemark>
				<Placemark>
					<name>HH-RKT-FKT-D5-05-06</name>
					<visibility>0</visibility>
					<description>HH-RKT-FKT-D5-05-06
HH-PIT-40
S  -7.317092°
E 112.757906°</description>
					<Camera>
						<longitude>112.7568536888403</longitude>
						<latitude>-7.316946507028748</latitude>
						<altitude>236.1993811666734</altitude>
						<heading>101.3048190165156</heading>
						<tilt>29.99523783772466</tilt>
						<roll>8.749356705570127</roll>
						<gx:altitudeMode>relativeToSeaFloor</gx:altitudeMode>
					</Camera>
					<styleUrl>#msn_square0</styleUrl>
					<Point>
						<gx:drawOrder>1</gx:drawOrder>
						<coordinates>112.757906,-7.317091999999999,0</coordinates>
					</Point>
				</Placemark>
				<Placemark>
					<name>HH-RKT-FKT-D5-05-07</name>
					<visibility>0</visibility>
					<description>HH-RKT-FKT-D5-05-07
HH-PIT-40
S  -7.317003°
E 112.757922°</description>
					<Camera>
						<longitude>112.7560083030977</longitude>
						<latitude>-7.316519706254025</latitude>
						<altitude>721.0188355077598</altitude>
						<heading>104.5202569675782</heading>
						<tilt>22.13284351827897</tilt>
						<roll>11.64442504428894</roll>
						<gx:altitudeMode>relativeToSeaFloor</gx:altitudeMode>
					</Camera>
					<styleUrl>#msn_square0</styleUrl>
					<Point>
						<gx:drawOrder>1</gx:drawOrder>
						<coordinates>112.757922,-7.317003,0</coordinates>
					</Point>
				</Placemark>
				<Placemark>
					<name>HH-RKT-FKT-D5-05-08</name>
					<visibility>0</visibility>
					<description>HH-RKT-FKT-D5-05-08
HH-PIT-40
S  -7.316882°
E 112.757934°</description>
					<Camera>
						<longitude>112.7571923748279</longitude>
						<latitude>-7.316924627369625</latitude>
						<altitude>294.7773760959595</altitude>
						<heading>105.64434517208</heading>
						<tilt>20.24812252403149</tilt>
						<roll>12.69283676661978</roll>
						<gx:altitudeMode>relativeToSeaFloor</gx:altitudeMode>
					</Camera>
					<styleUrl>#msn_square0</styleUrl>
					<Point>
						<gx:drawOrder>1</gx:drawOrder>
						<coordinates>112.757934,-7.316882,0</coordinates>
					</Point>
				</Placemark>
				<Placemark>
					<name>HH-RKT-FKT-D5-05-09</name>
					<visibility>0</visibility>
					<description>HH-RKT-FKT-D5-05-09
HH-PIT-40
S  -7.316711°
E 112.757926°</description>
					<Camera>
						<longitude>112.7574774939844</longitude>
						<latitude>-7.316467801978693</latitude>
						<altitude>295.0477769787146</altitude>
						<heading>105.6443088512101</heading>
						<tilt>20.24812252403869</tilt>
						<roll>12.69283676665331</roll>
						<gx:altitudeMode>relativeToSeaFloor</gx:altitudeMode>
					</Camera>
					<styleUrl>#msn_square0</styleUrl>
					<Point>
						<gx:drawOrder>1</gx:drawOrder>
						<coordinates>112.757926,-7.316711,0</coordinates>
					</Point>
				</Placemark>
				<Placemark>
					<name>HH-RKT-FKT-D5-05-10</name>
					<visibility>0</visibility>
					<description>HH-RKT-FKT-D5-05-10
HH-PIT-40
S  -7.316578°
E 112.757895°</description>
					<Camera>
						<longitude>112.7574774939844</longitude>
						<latitude>-7.316467801978693</latitude>
						<altitude>295.0477769787146</altitude>
						<heading>105.6443088512101</heading>
						<tilt>20.24812252403869</tilt>
						<roll>12.69283676665331</roll>
						<gx:altitudeMode>relativeToSeaFloor</gx:altitudeMode>
					</Camera>
					<styleUrl>#msn_square0</styleUrl>
					<Point>
						<gx:drawOrder>1</gx:drawOrder>
						<coordinates>112.757895,-7.316578000000001,0</coordinates>
					</Point>
				</Placemark>
				<Placemark>
					<name>HH-RKT-FKT-D5-06</name>
					<visibility>0</visibility>
					<description>HH-RKT-FKT-D5-06
HH-PIT-40
S  -7.316950°
E 112.758619°</description>
					<Camera>
						<longitude>112.7574836326231</longitude>
						<latitude>-7.316542262279195</latitude>
						<altitude>138.3785825596702</altitude>
						<heading>101.6837336369025</heading>
						<tilt>28.80899726302425</tilt>
						<roll>9.079313822814294</roll>
						<gx:altitudeMode>relativeToSeaFloor</gx:altitudeMode>
					</Camera>
					<styleUrl>#msn_square0</styleUrl>
					<Point>
						<gx:drawOrder>1</gx:drawOrder>
						<coordinates>112.758619,-7.31695,0</coordinates>
					</Point>
				</Placemark>
				<Placemark>
					<name>HH-RKT-FKT-D5-07</name>
					<visibility>0</visibility>
					<description>HH-RKT-FKT-D5-07
HH-PIT-40
S  -7.316984°
E 112.758764°</description>
					<Camera>
						<longitude>112.7579359564702</longitude>
						<latitude>-7.316637232032588</latitude>
						<altitude>207.195175829921</altitude>
						<heading>101.6836760220099</heading>
						<tilt>28.80899729147283</tilt>
						<roll>9.079355329102992</roll>
						<gx:altitudeMode>relativeToSeaFloor</gx:altitudeMode>
					</Camera>
					<styleUrl>#msn_square0</styleUrl>
					<Point>
						<gx:drawOrder>1</gx:drawOrder>
						<coordinates>112.758764,-7.316984,0</coordinates>
					</Point>
				</Placemark>
				<Placemark>
					<name>HH-RKT-FKT-D5-08</name>
					<visibility>0</visibility>
					<description>HH-RKT-FKT-D5-08
HH-PIT-40
S -7.316951°
E 112.758906°</description>
					<Camera>
						<longitude>112.7579359564702</longitude>
						<latitude>-7.316637232032588</latitude>
						<altitude>207.195175829921</altitude>
						<heading>101.6836760220099</heading>
						<tilt>28.80899729147283</tilt>
						<roll>9.079355329102992</roll>
						<gx:altitudeMode>relativeToSeaFloor</gx:altitudeMode>
					</Camera>
					<styleUrl>#msn_square0</styleUrl>
					<Point>
						<gx:drawOrder>1</gx:drawOrder>
						<coordinates>112.758906,-7.316951000000001,0</coordinates>
					</Point>
				</Placemark>
				<Placemark>
					<name>HH-RKT-FKT-D5-09</name>
					<visibility>0</visibility>
					<description>HH-RKT-FKT-D5-09
HH-PIT-40
S -7.316880°
E 112.759166°</description>
					<Camera>
						<longitude>112.7584506884483</longitude>
						<latitude>-7.31666292694561</latitude>
						<altitude>178.0585206634088</altitude>
						<heading>102.1092286812494</heading>
						<tilt>27.57652754458476</tilt>
						<roll>9.45477670610175</roll>
						<gx:altitudeMode>relativeToSeaFloor</gx:altitudeMode>
					</Camera>
					<styleUrl>#msn_square0</styleUrl>
					<Point>
						<gx:drawOrder>1</gx:drawOrder>
						<coordinates>112.759166,-7.31688,0</coordinates>
					</Point>
				</Placemark>
				<Placemark>
					<name>HH-RKT-FKT-D5-10</name>
					<visibility>0</visibility>
					<description>HH-RKT-FKT-D5-10
HH-PIT-40
S -7.316811°
E112.759455°</description>
					<Camera>
						<longitude>112.7587818141599</longitude>
						<latitude>-7.316591612110819</latitude>
						<altitude>192.100976484748</altitude>
						<heading>102.3285546176624</heading>
						<tilt>26.97901292809352</tilt>
						<roll>9.649590577927965</roll>
						<gx:altitudeMode>relativeToSeaFloor</gx:altitudeMode>
					</Camera>
					<styleUrl>#msn_square0</styleUrl>
					<Point>
						<gx:drawOrder>1</gx:drawOrder>
						<coordinates>112.759455,-7.316811,0</coordinates>
					</Point>
				</Placemark>
				<Placemark>
					<name>HH-RKT-FKT-D5-11</name>
					<visibility>0</visibility>
					<description>HH-RKT-FKT-D5-11
HH-PIT-40
S  -7.316769°
E 112.759610°</description>
					<LookAt>
						<longitude>112.7591785773524</longitude>
						<latitude>-7.316806222375976</latitude>
						<altitude>0</altitude>
						<heading>-0.0002782616291539486</heading>
						<tilt>26.20110987389966</tilt>
						<range>128.9769460026915</range>
						<gx:altitudeMode>relativeToSeaFloor</gx:altitudeMode>
					</LookAt>
					<styleUrl>#msn_square0</styleUrl>
					<Point>
						<gx:drawOrder>1</gx:drawOrder>
						<coordinates>112.75961,-7.316769,0</coordinates>
					</Point>
				</Placemark>
				<Placemark>
					<name>HH-RKT-FKT-D5-12</name>
					<visibility>0</visibility>
					<description>HH-RKT-FKT-D5-12
HH-PIT-40
S  -7.316729°
E 112.759761°</description>
					<Camera>
						<longitude>112.7582176663682</longitude>
						<latitude>-7.316563279820845</latitude>
						<altitude>206.9957787448522</altitude>
						<heading>101.6836401432173</heading>
						<tilt>28.80899729147282</tilt>
						<roll>9.079355329102995</roll>
						<gx:altitudeMode>relativeToSeaFloor</gx:altitudeMode>
					</Camera>
					<styleUrl>#msn_square0</styleUrl>
					<Point>
						<gx:drawOrder>1</gx:drawOrder>
						<coordinates>112.759761,-7.316729,0</coordinates>
					</Point>
				</Placemark>
				<Placemark>
					<name>HH-RKT-FKT-D5-13</name>
					<visibility>0</visibility>
					<description>HH-RKT-FKT-D5-13
HH-PIT-40
S  -7.316603°
E 112.759781°</description>
					<LookAt>
						<longitude>112.7595657116468</longitude>
						<latitude>-7.316701868619879</latitude>
						<altitude>0</altitude>
						<heading>-0.0003275658187474934</heading>
						<tilt>26.2011109617289</tilt>
						<range>129.2512148470506</range>
						<gx:altitudeMode>relativeToSeaFloor</gx:altitudeMode>
					</LookAt>
					<styleUrl>#msn_square0</styleUrl>
					<Point>
						<gx:drawOrder>1</gx:drawOrder>
						<coordinates>112.759781,-7.316602999999999,0</coordinates>
					</Point>
				</Placemark>
				<Placemark>
					<name>HH-RKT-FKT-D5-14</name>
					<visibility>0</visibility>
					<description>HH-RKT-FKT-D5-14
HH-PIT-40
S -7.316729°
E 112.760039°</description>
					<Camera>
						<longitude>112.7582176663682</longitude>
						<latitude>-7.316563279820845</latitude>
						<altitude>206.9957787448522</altitude>
						<heading>101.6836401432173</heading>
						<tilt>28.80899729147282</tilt>
						<roll>9.079355329102995</roll>
						<gx:altitudeMode>relativeToSeaFloor</gx:altitudeMode>
					</Camera>
					<styleUrl>#msn_square0</styleUrl>
					<Point>
						<gx:drawOrder>1</gx:drawOrder>
						<coordinates>112.760039,-7.316729,0</coordinates>
					</Point>
				</Placemark>
				<Placemark>
					<name>HH-RKT-FKT-D5-15</name>
					<visibility>0</visibility>
					<description>HH-RKT-FKT-D5-15
HH-PIT-40
S -7.316619°
E 112.760213°</description>
					<Camera>
						<longitude>112.7598503289023</longitude>
						<latitude>-7.316526304247267</latitude>
						<altitude>91.76193090394183</altitude>
						<heading>102.8207269091301</heading>
						<tilt>25.72316876321013</tilt>
						<roll>10.09062305466445</roll>
						<gx:altitudeMode>relativeToSeaFloor</gx:altitudeMode>
					</Camera>
					<styleUrl>#msn_square0</styleUrl>
					<Point>
						<gx:drawOrder>1</gx:drawOrder>
						<coordinates>112.760213,-7.316619,0</coordinates>
					</Point>
				</Placemark>
				<Placemark>
					<name>HH-RKT-FKT-D5-16</name>
					<visibility>0</visibility>
					<description>HH-RKT-FKT-D5-16
HH-PIT-40
S  -7.316650°
E 112.760355°</description>
					<Camera>
						<longitude>112.7598503289023</longitude>
						<latitude>-7.316526304247267</latitude>
						<altitude>91.76193090394183</altitude>
						<heading>102.8207269091301</heading>
						<tilt>25.72316876321013</tilt>
						<roll>10.09062305466445</roll>
						<gx:altitudeMode>relativeToSeaFloor</gx:altitudeMode>
					</Camera>
					<styleUrl>#msn_square0</styleUrl>
					<Point>
						<gx:drawOrder>1</gx:drawOrder>
						<coordinates>112.760355,-7.31665,0</coordinates>
					</Point>
				</Placemark>
				<Placemark>
					<name>HH-RKT-FKT-D5-17</name>
					<visibility>0</visibility>
					<description>HH-RKT-FKT-D5-17
HH-PIT-40
S  -7.316699°
E 112.760566°</description>
					<Camera>
						<longitude>112.7592319620366</longitude>
						<latitude>-7.316476506458304</latitude>
						<altitude>207.1938294838921</altitude>
						<heading>101.6835109694816</heading>
						<tilt>28.80899729147282</tilt>
						<roll>9.079355329103016</roll>
						<gx:altitudeMode>relativeToSeaFloor</gx:altitudeMode>
					</Camera>
					<styleUrl>#msn_square0</styleUrl>
					<Point>
						<gx:drawOrder>1</gx:drawOrder>
						<coordinates>112.760566,-7.316699,0</coordinates>
					</Point>
				</Placemark>
				<Placemark>
					<name>HH-RKT-FKT-D5-18</name>
					<visibility>0</visibility>
					<description>HH-RKT-FKT-D5-18
HH-PIT-40
S  -7.316532°
E 112.760165°</description>
					<Camera>
						<longitude>112.7592319620366</longitude>
						<latitude>-7.316476506458304</latitude>
						<altitude>207.1938294838921</altitude>
						<heading>101.6835109694816</heading>
						<tilt>28.80899729147282</tilt>
						<roll>9.079355329103016</roll>
						<gx:altitudeMode>relativeToSeaFloor</gx:altitudeMode>
					</Camera>
					<styleUrl>#msn_square0</styleUrl>
					<Point>
						<gx:drawOrder>1</gx:drawOrder>
						<coordinates>112.760165,-7.316532,0</coordinates>
					</Point>
				</Placemark>
				<Placemark>
					<name>HH-RKT-FKT-D5-19</name>
					<visibility>0</visibility>
					<description>HH-RKT-FKT-D5-19
HH-PIT-40
S -7.316552°
E 112.760231°</description>
					<Camera>
						<longitude>112.7592319620366</longitude>
						<latitude>-7.316476506458304</latitude>
						<altitude>207.1938294838921</altitude>
						<heading>101.6835109694816</heading>
						<tilt>28.80899729147282</tilt>
						<roll>9.079355329103016</roll>
						<gx:altitudeMode>relativeToSeaFloor</gx:altitudeMode>
					</Camera>
					<styleUrl>#msn_square0</styleUrl>
					<Point>
						<gx:drawOrder>1</gx:drawOrder>
						<coordinates>112.760231,-7.316552,0</coordinates>
					</Point>
				</Placemark>
				<Placemark>
					<name>HH-RKT-FKT-D5-20</name>
					<visibility>0</visibility>
					<description>HH-RKT-FKT-D5-20
HH-PIT-40
S -7.316582°
E 112.760369°</description>
					<Camera>
						<longitude>112.7599172128969</longitude>
						<latitude>-7.316550101050962</latitude>
						<altitude>117.3437315267003</altitude>
						<heading>102.8134196301569</heading>
						<tilt>25.740956718955</tilt>
						<roll>10.08404741235288</roll>
						<gx:altitudeMode>relativeToSeaFloor</gx:altitudeMode>
					</Camera>
					<styleUrl>#msn_square0</styleUrl>
					<Point>
						<gx:drawOrder>1</gx:drawOrder>
						<coordinates>112.760369,-7.316582,0</coordinates>
					</Point>
				</Placemark>
				<Placemark>
					<name>HH-RKT-FKT-D5-21</name>
					<visibility>0</visibility>
					<description>HH-RKT-FKT-D5-21
HH-PIT-40
S  -7.316608°
E 112.760504°</description>
					<Camera>
						<longitude>112.7599172128969</longitude>
						<latitude>-7.316550101050962</latitude>
						<altitude>117.3437315267003</altitude>
						<heading>102.8134196301569</heading>
						<tilt>25.740956718955</tilt>
						<roll>10.08404741235288</roll>
						<gx:altitudeMode>relativeToSeaFloor</gx:altitudeMode>
					</Camera>
					<styleUrl>#msn_square0</styleUrl>
					<Point>
						<gx:drawOrder>1</gx:drawOrder>
						<coordinates>112.760504,-7.316608,0</coordinates>
					</Point>
				</Placemark>
				<Placemark>
					<name>HH-RKT-FKT-D5-22</name>
					<visibility>0</visibility>
					<description>HH-RKT-FKT-D5-22
HH-PIT-40
S -7.316637°
E 112.760666°</description>
					<Camera>
						<longitude>112.7599172128969</longitude>
						<latitude>-7.316550101050962</latitude>
						<altitude>117.3437315267003</altitude>
						<heading>102.8134196301569</heading>
						<tilt>25.740956718955</tilt>
						<roll>10.08404741235288</roll>
						<gx:altitudeMode>relativeToSeaFloor</gx:altitudeMode>
					</Camera>
					<styleUrl>#msn_square0</styleUrl>
					<Point>
						<gx:drawOrder>1</gx:drawOrder>
						<coordinates>112.760666,-7.316637,0</coordinates>
					</Point>
				</Placemark>
				<Placemark>
					<name>HH-RKT-FKT-D5-23</name>
					<visibility>0</visibility>
					<description>HH-RKT-FKT-D5-23
HH-PIT-40
S  -7.316262°
E 112.760750°</description>
					<Camera>
						<longitude>112.7596875920281</longitude>
						<latitude>-7.316161887589705</latitude>
						<altitude>168.6336785787323</altitude>
						<heading>101.3029238936036</heading>
						<tilt>29.99996392053923</tilt>
						<roll>8.747339263848939</roll>
						<gx:altitudeMode>relativeToSeaFloor</gx:altitudeMode>
					</Camera>
					<styleUrl>#msn_square0</styleUrl>
					<Point>
						<gx:drawOrder>1</gx:drawOrder>
						<coordinates>112.76075,-7.316262,0</coordinates>
					</Point>
				</Placemark>
				<Placemark>
					<name>HH-RKT-FKT-D5-24</name>
					<visibility>0</visibility>
					<description>HH-RKT-FKT-D5-24
HH-PIT-40
S -7.316239°
E 112.760598°</description>
					<LookAt>
						<longitude>112.760714418779</longitude>
						<latitude>-7.316276171201363</latitude>
						<altitude>0</altitude>
						<heading>-0.00043725036676261</heading>
						<tilt>26.95476869765832</tilt>
						<range>84.24664908136783</range>
						<gx:altitudeMode>relativeToSeaFloor</gx:altitudeMode>
					</LookAt>
					<styleUrl>#msn_square0</styleUrl>
					<Point>
						<gx:drawOrder>1</gx:drawOrder>
						<coordinates>112.760598,-7.316239,0</coordinates>
					</Point>
				</Placemark>
				<Placemark>
					<name>HH-RKT-FKT-D5-25</name>
					<visibility>0</visibility>
					<description>HH-RKT-FKT-D5-25
HH-PIT-40
S  -7.316210°
E 112.760433°</description>
					<LookAt>
						<longitude>112.7605081275238</longitude>
						<latitude>-7.316183950108826</latitude>
						<altitude>0</altitude>
						<heading>-0.0004109794369921739</heading>
						<tilt>26.95476934988138</tilt>
						<range>84.40678587733505</range>
						<gx:altitudeMode>relativeToSeaFloor</gx:altitudeMode>
					</LookAt>
					<styleUrl>#msn_square0</styleUrl>
					<Point>
						<gx:drawOrder>1</gx:drawOrder>
						<coordinates>112.760433,-7.31621,0</coordinates>
					</Point>
				</Placemark>
				<Placemark>
					<name>HH-RKT-FKT-D5-26</name>
					<visibility>0</visibility>
					<description>HH-RKT-FKT-D5-26
HH-PIT-40
S  -7.316192°
E 112.760303°</description>
					<Camera>
						<longitude>112.7596875920281</longitude>
						<latitude>-7.316161887589705</latitude>
						<altitude>168.6336785787323</altitude>
						<heading>101.3029238936036</heading>
						<tilt>29.99996392053923</tilt>
						<roll>8.747339263848939</roll>
						<gx:altitudeMode>relativeToSeaFloor</gx:altitudeMode>
					</Camera>
					<styleUrl>#msn_square0</styleUrl>
					<Point>
						<gx:drawOrder>1</gx:drawOrder>
						<coordinates>112.760303,-7.316191999999999,0</coordinates>
					</Point>
				</Placemark>
				<Placemark>
					<name>HH-RKT-FKT-D5-27</name>
					<visibility>0</visibility>
					<description>HH-RKT-FKT-D5-27
HH-PIT-40
S  -7.316172°
E 112.760160°</description>
					<Camera>
						<longitude>112.7596875920281</longitude>
						<latitude>-7.316161887589705</latitude>
						<altitude>168.6336785787323</altitude>
						<heading>101.3029238936036</heading>
						<tilt>29.99996392053923</tilt>
						<roll>8.747339263848939</roll>
						<gx:altitudeMode>relativeToSeaFloor</gx:altitudeMode>
					</Camera>
					<styleUrl>#msn_square0</styleUrl>
					<Point>
						<gx:drawOrder>1</gx:drawOrder>
						<coordinates>112.76016,-7.316172,0</coordinates>
					</Point>
				</Placemark>
				<Placemark>
					<name>HH-RKT-FKT-D5-32</name>
					<visibility>0</visibility>
					<description>HH-RKT-FKT-D5-32
HH-PIT-40
S  -7.316209°
E 112.760695°</description>
					<LookAt>
						<longitude>112.7604645133475</longitude>
						<latitude>-7.316064569905328</latitude>
						<altitude>0</altitude>
						<heading>-0.0001719173625186651</heading>
						<tilt>24.70945068431775</tilt>
						<range>81.52509450737615</range>
						<gx:altitudeMode>relativeToSeaFloor</gx:altitudeMode>
					</LookAt>
					<styleUrl>#msn_square0</styleUrl>
					<Point>
						<gx:drawOrder>1</gx:drawOrder>
						<coordinates>112.760695,-7.316209,0</coordinates>
					</Point>
				</Placemark>
				<Placemark>
					<name>HH-RKT-FKT-D5-31</name>
					<visibility>0</visibility>
					<description>HH-RKT-FKT-D5-31
HH-PIT-40
S  -7.316192°
E 112.760612°</description>
					<LookAt>
						<longitude>112.7604645133475</longitude>
						<latitude>-7.316064569905328</latitude>
						<altitude>0</altitude>
						<heading>-0.0001719173625186651</heading>
						<tilt>24.70945068431775</tilt>
						<range>81.52509450737615</range>
						<gx:altitudeMode>relativeToSeaFloor</gx:altitudeMode>
					</LookAt>
					<styleUrl>#msn_square0</styleUrl>
					<Point>
						<gx:drawOrder>1</gx:drawOrder>
						<coordinates>112.760612,-7.316191999999999,0</coordinates>
					</Point>
				</Placemark>
				<Placemark>
					<name>HH-RKT-FKT-D5-30</name>
					<visibility>0</visibility>
					<description>HH-RKT-FKT-D5-30
HH-PIT-40
S  -7.316156°
E 112.760445°</description>
					<Camera>
						<longitude>112.7600785364328</longitude>
						<latitude>-7.316161238282374</latitude>
						<altitude>99.0216509530115</altitude>
						<heading>102.3972335787128</heading>
						<tilt>26.79616733328764</tilt>
						<roll>9.710317227026007</roll>
						<gx:altitudeMode>relativeToSeaFloor</gx:altitudeMode>
					</Camera>
					<styleUrl>#msn_square0</styleUrl>
					<Point>
						<gx:drawOrder>1</gx:drawOrder>
						<coordinates>112.760445,-7.316155999999999,0</coordinates>
					</Point>
				</Placemark>
				<Placemark>
					<name>HH-RKT-FKT-D5-29</name>
					<visibility>0</visibility>
					<description>HH-RKT-FKT-D5-29
HH-PIT-40
S -7.316133°
E 112.760305°</description>
					<Camera>
						<longitude>112.7596875920281</longitude>
						<latitude>-7.316161887589705</latitude>
						<altitude>168.6336785787323</altitude>
						<heading>101.3029238936036</heading>
						<tilt>29.99996392053923</tilt>
						<roll>8.747339263848939</roll>
						<gx:altitudeMode>relativeToSeaFloor</gx:altitudeMode>
					</Camera>
					<styleUrl>#msn_square0</styleUrl>
					<Point>
						<gx:drawOrder>1</gx:drawOrder>
						<coordinates>112.760305,-7.316133000000001,0</coordinates>
					</Point>
				</Placemark>
				<Placemark>
					<name>HH-RKT-FKT-D5-28</name>
					<visibility>0</visibility>
					<description>HH-RKT-FKT-D5-28
HH-PIT-40
S  -7.316116°
E 112.760169°</description>
					<Camera>
						<longitude>112.7598435315385</longitude>
						<latitude>-7.316150480371015</latitude>
						<altitude>118.7816856369272</altitude>
						<heading>101.3028924451462</heading>
						<tilt>30.00000093675644</tilt>
						<roll>8.747290067291541</roll>
						<gx:altitudeMode>relativeToSeaFloor</gx:altitudeMode>
					</Camera>
					<styleUrl>#msn_square0</styleUrl>
					<Point>
						<gx:drawOrder>1</gx:drawOrder>
						<coordinates>112.760169,-7.316116,0</coordinates>
					</Point>
				</Placemark>
				<Placemark>
					<name>HH-RKT-FKT-D5-37</name>
					<visibility>0</visibility>
					<description>HH-RKT-FKT-D5-37
HH-PIT-40
S -7.315754°
E 112.760253°</description>
					<Camera>
						<longitude>112.7596834474511</longitude>
						<latitude>-7.316131328660995</latitude>
						<altitude>128.6587305146148</altitude>
						<heading>101.3029067167048</heading>
						<tilt>29.99999512329753</tilt>
						<roll>8.74729516965707</roll>
						<gx:altitudeMode>relativeToSeaFloor</gx:altitudeMode>
					</Camera>
					<styleUrl>#msn_square0</styleUrl>
					<Point>
						<gx:drawOrder>1</gx:drawOrder>
						<coordinates>112.760253,-7.315754,0</coordinates>
					</Point>
				</Placemark>
				<Placemark>
					<name>HH-RKT-FKT-D5-36</name>
					<visibility>0</visibility>
					<description>HH-RKT-FKT-D5-36
HH-PIT-40
S  -7.315766°
E 112.760378°</description>
					<Camera>
						<longitude>112.7601617047593</longitude>
						<latitude>-7.315823048455333</latitude>
						<altitude>85.38692351643871</altitude>
						<heading>102.3200603136314</heading>
						<tilt>27.00089470629784</tilt>
						<roll>9.641493844647405</roll>
						<gx:altitudeMode>relativeToSeaFloor</gx:altitudeMode>
					</Camera>
					<styleUrl>#msn_square0</styleUrl>
					<Point>
						<gx:drawOrder>1</gx:drawOrder>
						<coordinates>112.760378,-7.315766,0</coordinates>
					</Point>
				</Placemark>
				<Placemark>
					<name>HH-RKT-FKT-D5-35</name>
					<visibility>0</visibility>
					<description>HH-RKT-FKT-D5-35
HH-PIT-40
S  -7.315783°
E 112.760524°</description>
					<Camera>
						<longitude>112.7601617047593</longitude>
						<latitude>-7.315823048455333</latitude>
						<altitude>85.38692351643871</altitude>
						<heading>102.3200603136314</heading>
						<tilt>27.00089470629784</tilt>
						<roll>9.641493844647405</roll>
						<gx:altitudeMode>relativeToSeaFloor</gx:altitudeMode>
					</Camera>
					<styleUrl>#msn_square0</styleUrl>
					<Point>
						<gx:drawOrder>1</gx:drawOrder>
						<coordinates>112.760524,-7.315782999999999,0</coordinates>
					</Point>
				</Placemark>
				<Placemark>
					<name>HH-RKT-FKT-D5-34</name>
					<visibility>0</visibility>
					<description>HH-RKT-FKT-D5-34
HH-PIT-40
S -7.315806°
E 112.760664°</description>
					<Camera>
						<longitude>112.759778407317</longitude>
						<latitude>-7.315805123882765</latitude>
						<altitude>128.8672941430064</altitude>
						<heading>101.3028946215411</heading>
						<tilt>29.99999512328722</tilt>
						<roll>8.747295169661951</roll>
						<gx:altitudeMode>relativeToSeaFloor</gx:altitudeMode>
					</Camera>
					<styleUrl>#msn_square0</styleUrl>
					<Point>
						<gx:drawOrder>1</gx:drawOrder>
						<coordinates>112.760664,-7.315806,0</coordinates>
					</Point>
				</Placemark>
				<Placemark>
					<name>HH-RKT-FKT-D5-33</name>
					<visibility>0</visibility>
					<description>HH-RKT-FKT-D5-33
HH-PIT-40
S  -7.315816°
E 112.760736°</description>
					<Camera>
						<longitude>112.759778407317</longitude>
						<latitude>-7.315805123882765</latitude>
						<altitude>128.8672941430064</altitude>
						<heading>101.3028946215411</heading>
						<tilt>29.99999512328722</tilt>
						<roll>8.747295169661951</roll>
						<gx:altitudeMode>relativeToSeaFloor</gx:altitudeMode>
					</Camera>
					<styleUrl>#msn_square0</styleUrl>
					<Point>
						<gx:drawOrder>1</gx:drawOrder>
						<coordinates>112.760736,-7.315815999999999,0</coordinates>
					</Point>
				</Placemark>
				<Placemark>
					<name>HH-RKT-FKT-D5-42</name>
					<visibility>0</visibility>
					<description>HH-RKT-FKT-D5-42
HH-PIT-40
S  -7.315771°
E 112.760838°</description>
					<Camera>
						<longitude>112.759778407317</longitude>
						<latitude>-7.315805123882765</latitude>
						<altitude>128.8672941430064</altitude>
						<heading>101.3028946215411</heading>
						<tilt>29.99999512328722</tilt>
						<roll>8.747295169661951</roll>
						<gx:altitudeMode>relativeToSeaFloor</gx:altitudeMode>
					</Camera>
					<styleUrl>#msn_square0</styleUrl>
					<Point>
						<gx:drawOrder>1</gx:drawOrder>
						<coordinates>112.760838,-7.315770999999999,0</coordinates>
					</Point>
				</Placemark>
				<Placemark>
					<name>HH-RKT-FKT-D5-41</name>
					<visibility>0</visibility>
					<description>HH-RKT-FKT-D5-41
HH-PIT-40
S  -7.315754°
E 112.760674°</description>
					<Camera>
						<longitude>112.759778407317</longitude>
						<latitude>-7.315805123882765</latitude>
						<altitude>128.8672941430064</altitude>
						<heading>101.3028946215411</heading>
						<tilt>29.99999512328722</tilt>
						<roll>8.747295169661951</roll>
						<gx:altitudeMode>relativeToSeaFloor</gx:altitudeMode>
					</Camera>
					<styleUrl>#msn_square0</styleUrl>
					<Point>
						<gx:drawOrder>1</gx:drawOrder>
						<coordinates>112.760674,-7.315754,0</coordinates>
					</Point>
				</Placemark>
				<Placemark>
					<name>HH-RKT-FKT-D5-40</name>
					<visibility>0</visibility>
					<description>HH-RKT-FKT-D5-40
HH-PIT-40
S  -7.315727°
E 112.760534°</description>
					<Camera>
						<longitude>112.759778407317</longitude>
						<latitude>-7.315805123882765</latitude>
						<altitude>128.8672941430064</altitude>
						<heading>101.3028946215411</heading>
						<tilt>29.99999512328722</tilt>
						<roll>8.747295169661951</roll>
						<gx:altitudeMode>relativeToSeaFloor</gx:altitudeMode>
					</Camera>
					<styleUrl>#msn_square0</styleUrl>
					<Point>
						<gx:drawOrder>1</gx:drawOrder>
						<coordinates>112.760534,-7.315727,0</coordinates>
					</Point>
				</Placemark>
				<Placemark>
					<name>HH-RKT-FKT-D5-39</name>
					<visibility>0</visibility>
					<description>HH-RKT-FKT-D5-39
HH-PIT-40
S  -7.315706°
E 112.760389°</description>
					<Camera>
						<longitude>112.7599463490891</longitude>
						<latitude>-7.315764292643408</latitude>
						<altitude>131.7304993541191</altitude>
						<heading>102.320087719584</heading>
						<tilt>27.00089454421995</tilt>
						<roll>9.641483876493753</roll>
						<gx:altitudeMode>relativeToSeaFloor</gx:altitudeMode>
					</Camera>
					<styleUrl>#msn_square0</styleUrl>
					<Point>
						<gx:drawOrder>1</gx:drawOrder>
						<coordinates>112.760389,-7.315706,0</coordinates>
					</Point>
				</Placemark>
				<Placemark>
					<name>HH-RKT-FKT-D5-38</name>
					<visibility>0</visibility>
					<description>HH-RKT-FKT-D5-38
HH-PIT-40
S  -7.315691°
E 112.760276°</description>
					<Camera>
						<longitude>112.7599463490891</longitude>
						<latitude>-7.315764292643408</latitude>
						<altitude>131.7304993541191</altitude>
						<heading>102.320087719584</heading>
						<tilt>27.00089454421995</tilt>
						<roll>9.641483876493753</roll>
						<gx:altitudeMode>relativeToSeaFloor</gx:altitudeMode>
					</Camera>
					<styleUrl>#msn_square0</styleUrl>
					<Point>
						<gx:drawOrder>1</gx:drawOrder>
						<coordinates>112.760276,-7.315690999999999,0</coordinates>
					</Point>
				</Placemark>
				<Placemark>
					<name>HH-RKT-FKT-D5-47</name>
					<visibility>0</visibility>
					<description>HH-RKT-FKT-D5-47
HH-PIT-40
S  -7.315316°
E 112.760409°</description>
					<Camera>
						<longitude>112.7600766730899</longitude>
						<latitude>-7.315412606319005</latitude>
						<altitude>115.6228285616679</altitude>
						<heading>102.6962555567501</heading>
						<tilt>26.02954473366649</tilt>
						<roll>9.977779399455262</roll>
						<gx:altitudeMode>relativeToSeaFloor</gx:altitudeMode>
					</Camera>
					<styleUrl>#msn_square0</styleUrl>
					<Point>
						<gx:drawOrder>1</gx:drawOrder>
						<coordinates>112.760409,-7.315316,0</coordinates>
					</Point>
				</Placemark>
				<Placemark>
					<name>HH-RKT-FKT-D5-46</name>
					<visibility>0</visibility>
					<description>HH-RKT-FKT-D5-46
HH-PIT-40
S  -7.315333°
E 112.760491°</description>
					<Camera>
						<longitude>112.7600766730899</longitude>
						<latitude>-7.315412606319005</latitude>
						<altitude>115.6228285616679</altitude>
						<heading>102.6962555567501</heading>
						<tilt>26.02954473366649</tilt>
						<roll>9.977779399455262</roll>
						<gx:altitudeMode>relativeToSeaFloor</gx:altitudeMode>
					</Camera>
					<styleUrl>#msn_square0</styleUrl>
					<Point>
						<gx:drawOrder>1</gx:drawOrder>
						<coordinates>112.760491,-7.315333,0</coordinates>
					</Point>
				</Placemark>
				<Placemark>
					<name>HH-RKT-FKT-D5-45</name>
					<visibility>0</visibility>
					<description>HH-RKT-FKT-D5-45
HH-PIT-40
S  -7.315355°
E 112.760615°</description>
					<Camera>
						<longitude>112.7600766730899</longitude>
						<latitude>-7.315412606319005</latitude>
						<altitude>115.6228285616679</altitude>
						<heading>102.6962555567501</heading>
						<tilt>26.02954473366649</tilt>
						<roll>9.977779399455262</roll>
						<gx:altitudeMode>relativeToSeaFloor</gx:altitudeMode>
					</Camera>
					<styleUrl>#msn_square0</styleUrl>
					<Point>
						<gx:drawOrder>1</gx:drawOrder>
						<coordinates>112.760615,-7.315355,0</coordinates>
					</Point>
				</Placemark>
				<Placemark>
					<name>HH-RKT-FKT-D5-44</name>
					<visibility>0</visibility>
					<description>HH-RKT-FKT-D5-44
HH-PIT-40
S  -7.315375°
E 112.760759°</description>
					<Camera>
						<longitude>112.7600766730899</longitude>
						<latitude>-7.315412606319005</latitude>
						<altitude>115.6228285616679</altitude>
						<heading>102.6962555567501</heading>
						<tilt>26.02954473366649</tilt>
						<roll>9.977779399455262</roll>
						<gx:altitudeMode>relativeToSeaFloor</gx:altitudeMode>
					</Camera>
					<styleUrl>#msn_square0</styleUrl>
					<Point>
						<gx:drawOrder>1</gx:drawOrder>
						<coordinates>112.760759,-7.315375,0</coordinates>
					</Point>
				</Placemark>
				<Placemark>
					<name>HH-RKT-FKT-D5-43</name>
					<visibility>0</visibility>
					<description>HH-RKT-FKT-D5-43
HH-PIT-40
S -7.315397°
E 112.760891°</description>
					<Camera>
						<longitude>112.760086655086</longitude>
						<latitude>-7.315412895205843</latitude>
						<altitude>115.5725559106316</altitude>
						<heading>102.6962542857469</heading>
						<tilt>26.02954473366196</tilt>
						<roll>9.977779399476381</roll>
						<gx:altitudeMode>relativeToSeaFloor</gx:altitudeMode>
					</Camera>
					<styleUrl>#msn_square0</styleUrl>
					<Point>
						<gx:drawOrder>1</gx:drawOrder>
						<coordinates>112.760891,-7.315397,0</coordinates>
					</Point>
				</Placemark>
				<Placemark>
					<name>HH-RKT-FKT-D5-49</name>
					<visibility>0</visibility>
					<description>HH-RKT-FKT-D5-49
HH-PIT-40
S  -7.315285°
E 112.760595°</description>
					<Camera>
						<longitude>112.7594260410425</longitude>
						<latitude>-7.315512849548317</latitude>
						<altitude>220.4007649584742</altitude>
						<heading>102.3201539658642</heading>
						<tilt>27.00089452859941</tilt>
						<roll>9.641363167078786</roll>
						<gx:altitudeMode>relativeToSeaFloor</gx:altitudeMode>
					</Camera>
					<styleUrl>#msn_square0</styleUrl>
					<Point>
						<gx:drawOrder>1</gx:drawOrder>
						<coordinates>112.760595,-7.315285,0</coordinates>
					</Point>
				</Placemark>
				<Placemark>
					<name>HH-RKT-FKT-D5-48</name>
					<visibility>0</visibility>
					<description>HH-RKT-FKT-D5-48
HH-PIT-40
S  -7.315250°
E 112.760432°</description>
					<Camera>
						<longitude>112.7594260410425</longitude>
						<latitude>-7.315512849548317</latitude>
						<altitude>220.4007649584742</altitude>
						<heading>102.3201539658642</heading>
						<tilt>27.00089452859941</tilt>
						<roll>9.641363167078786</roll>
						<gx:altitudeMode>relativeToSeaFloor</gx:altitudeMode>
					</Camera>
					<styleUrl>#msn_square0</styleUrl>
					<Point>
						<gx:drawOrder>1</gx:drawOrder>
						<coordinates>112.760432,-7.31525,0</coordinates>
					</Point>
				</Placemark>
				<Placemark>
					<name>HH-RKT-FKT-D5-23-01</name>
					<visibility>0</visibility>
					<description>HH-RKT-FKT-D5-23-01
HH-PIT-40
S  -7.316510°
E 112.760824°</description>
					<Camera>
						<longitude>112.7603511061641</longitude>
						<latitude>-7.316325540400372</latitude>
						<altitude>123.5046456351066</altitude>
						<heading>103.6715960930041</heading>
						<tilt>23.79534917053447</tilt>
						<roll>10.86328399604579</roll>
						<gx:altitudeMode>relativeToSeaFloor</gx:altitudeMode>
					</Camera>
					<styleUrl>#msn_square0</styleUrl>
					<Point>
						<gx:drawOrder>1</gx:drawOrder>
						<coordinates>112.760824,-7.316509999999999,0</coordinates>
					</Point>
				</Placemark>
				<Placemark>
					<name>HH-RKT-FKT-D5-23-02</name>
					<visibility>0</visibility>
					<description>HH-RKT-FKT-D5-23-02
HH-PIT-40
S  -7.316350°
E 112.760864°</description>
					<Camera>
						<longitude>112.7594260410425</longitude>
						<latitude>-7.315512849548317</latitude>
						<altitude>220.4007649584742</altitude>
						<heading>102.3201539658642</heading>
						<tilt>27.00089452859941</tilt>
						<roll>9.641363167078786</roll>
						<gx:altitudeMode>relativeToSeaFloor</gx:altitudeMode>
					</Camera>
					<styleUrl>#msn_square0</styleUrl>
					<Point>
						<gx:drawOrder>1</gx:drawOrder>
						<coordinates>112.760864,-7.316350000000001,0</coordinates>
					</Point>
				</Placemark>
				<Placemark>
					<name>HH-RKT-FKT-D5-23-03</name>
					<visibility>0</visibility>
					<description>HH-RKT-FKT-D5-23-03
HH-PIT-40
S  -7.316247°
E 112.760888°</description>
					<Camera>
						<longitude>112.7594260410425</longitude>
						<latitude>-7.315512849548317</latitude>
						<altitude>220.4007649584742</altitude>
						<heading>102.3201539658642</heading>
						<tilt>27.00089452859941</tilt>
						<roll>9.641363167078786</roll>
						<gx:altitudeMode>relativeToSeaFloor</gx:altitudeMode>
					</Camera>
					<styleUrl>#msn_square0</styleUrl>
					<Point>
						<gx:drawOrder>1</gx:drawOrder>
						<coordinates>112.760888,-7.316247000000001,0</coordinates>
					</Point>
				</Placemark>
			</Folder>
		</Folder>
	</Folder>
</Document>
</kml>
